--------------------------------------------------------
--  파일이 생성됨 - 금요일-5월-10-2024   
--------------------------------------------------------
--------------------------------------------------------
--  DDL for Sequence FILENUM_SEQ
--------------------------------------------------------

   CREATE SEQUENCE  "CATWORK"."FILENUM_SEQ"  MINVALUE 1 MAXVALUE 9999999999999999999999999999 INCREMENT BY 1 START WITH 25 NOCACHE  NOORDER  NOCYCLE  NOKEEP  NOSCALE  GLOBAL ;
--------------------------------------------------------
--  DDL for Table ADMIN_TB
--------------------------------------------------------

  CREATE TABLE "CATWORK"."ADMIN_TB" 
   (	"ADMIN_IDX" NUMBER(20,0), 
	"USER_IDX" NUMBER(20,0), 
	"NAME" VARCHAR2(100 BYTE)
   ) SEGMENT CREATION IMMEDIATE 
  PCTFREE 10 PCTUSED 40 INITRANS 1 MAXTRANS 255 
 NOCOMPRESS LOGGING
  STORAGE(INITIAL 65536 NEXT 1048576 MINEXTENTS 1 MAXEXTENTS 2147483645
  PCTINCREASE 0 FREELISTS 1 FREELIST GROUPS 1
  BUFFER_POOL DEFAULT FLASH_CACHE DEFAULT CELL_FLASH_CACHE DEFAULT)
  TABLESPACE "USERS" ;
--------------------------------------------------------
--  DDL for Table APPLY_TB
--------------------------------------------------------

  CREATE TABLE "CATWORK"."APPLY_TB" 
   (	"APPLY_IDX" NUMBER(20,0), 
	"RESUME_IDX" NUMBER(20,0), 
	"POST_IDX" NUMBER(20,0), 
	"STATE" NUMBER(5,0), 
	"CREATED" DATE DEFAULT SYSDATE
   ) SEGMENT CREATION IMMEDIATE 
  PCTFREE 10 PCTUSED 40 INITRANS 1 MAXTRANS 255 
 NOCOMPRESS LOGGING
  STORAGE(INITIAL 65536 NEXT 1048576 MINEXTENTS 1 MAXEXTENTS 2147483645
  PCTINCREASE 0 FREELISTS 1 FREELIST GROUPS 1
  BUFFER_POOL DEFAULT FLASH_CACHE DEFAULT CELL_FLASH_CACHE DEFAULT)
  TABLESPACE "USERS" ;
--------------------------------------------------------
--  DDL for Table BCOMMENT_TB
--------------------------------------------------------

  CREATE TABLE "CATWORK"."BCOMMENT_TB" 
   (	"BCOMMENT_IDX" NUMBER(20,0), 
	"BOARD_IDX" NUMBER(20,0), 
	"USER_IDX" NUMBER(20,0), 
	"CONTENT" VARCHAR2(2000 BYTE), 
	"CREATED" DATE DEFAULT SYSDATE
   ) SEGMENT CREATION IMMEDIATE 
  PCTFREE 10 PCTUSED 40 INITRANS 1 MAXTRANS 255 
 NOCOMPRESS LOGGING
  STORAGE(INITIAL 65536 NEXT 1048576 MINEXTENTS 1 MAXEXTENTS 2147483645
  PCTINCREASE 0 FREELISTS 1 FREELIST GROUPS 1
  BUFFER_POOL DEFAULT FLASH_CACHE DEFAULT CELL_FLASH_CACHE DEFAULT)
  TABLESPACE "USERS" ;
--------------------------------------------------------
--  DDL for Table BOARD_TB
--------------------------------------------------------

  CREATE TABLE "CATWORK"."BOARD_TB" 
   (	"BOARD_IDX" NUMBER(20,0), 
	"USER_IDX" NUMBER(20,0), 
	"TITLE" VARCHAR2(1000 BYTE), 
	"CONTENT" VARCHAR2(2000 BYTE), 
	"CREATED" DATE DEFAULT SYSDATE
   ) SEGMENT CREATION IMMEDIATE 
  PCTFREE 10 PCTUSED 40 INITRANS 1 MAXTRANS 255 
 NOCOMPRESS LOGGING
  STORAGE(INITIAL 65536 NEXT 1048576 MINEXTENTS 1 MAXEXTENTS 2147483645
  PCTINCREASE 0 FREELISTS 1 FREELIST GROUPS 1
  BUFFER_POOL DEFAULT FLASH_CACHE DEFAULT CELL_FLASH_CACHE DEFAULT)
  TABLESPACE "USERS" ;
--------------------------------------------------------
--  DDL for Table BOOKMARK_TB
--------------------------------------------------------

  CREATE TABLE "CATWORK"."BOOKMARK_TB" 
   (	"BOOK_IDX" NUMBER(20,0), 
	"USER_IDX" NUMBER(20,0), 
	"POST_IDX" NUMBER(20,0), 
	"BOOKMARK" NUMBER(1,0)
   ) SEGMENT CREATION IMMEDIATE 
  PCTFREE 10 PCTUSED 40 INITRANS 1 MAXTRANS 255 
 NOCOMPRESS LOGGING
  STORAGE(INITIAL 65536 NEXT 1048576 MINEXTENTS 1 MAXEXTENTS 2147483645
  PCTINCREASE 0 FREELISTS 1 FREELIST GROUPS 1
  BUFFER_POOL DEFAULT FLASH_CACHE DEFAULT CELL_FLASH_CACHE DEFAULT)
  TABLESPACE "USERS" ;
--------------------------------------------------------
--  DDL for Table CBOARD_TB
--------------------------------------------------------

  CREATE TABLE "CATWORK"."CBOARD_TB" 
   (	"CBOARD_IDX" NUMBER(20,0), 
	"USER_IDX" NUMBER(20,0), 
	"TITLE" VARCHAR2(1000 BYTE), 
	"CONTENT" VARCHAR2(2000 BYTE), 
	"CREATED" DATE DEFAULT SYSDATE
   ) SEGMENT CREATION IMMEDIATE 
  PCTFREE 10 PCTUSED 40 INITRANS 1 MAXTRANS 255 
 NOCOMPRESS LOGGING
  STORAGE(INITIAL 65536 NEXT 1048576 MINEXTENTS 1 MAXEXTENTS 2147483645
  PCTINCREASE 0 FREELISTS 1 FREELIST GROUPS 1
  BUFFER_POOL DEFAULT FLASH_CACHE DEFAULT CELL_FLASH_CACHE DEFAULT)
  TABLESPACE "USERS" ;
--------------------------------------------------------
--  DDL for Table CCOMMENT_TB
--------------------------------------------------------

  CREATE TABLE "CATWORK"."CCOMMENT_TB" 
   (	"CCOMMENT_IDX" NUMBER(20,0), 
	"CBOARD_IDX" NUMBER(20,0), 
	"USER_IDX" NUMBER(20,0), 
	"CONTENT" VARCHAR2(2000 BYTE), 
	"CREATED" DATE DEFAULT SYSDATE
   ) SEGMENT CREATION IMMEDIATE 
  PCTFREE 10 PCTUSED 40 INITRANS 1 MAXTRANS 255 
 NOCOMPRESS LOGGING
  STORAGE(INITIAL 65536 NEXT 1048576 MINEXTENTS 1 MAXEXTENTS 2147483645
  PCTINCREASE 0 FREELISTS 1 FREELIST GROUPS 1
  BUFFER_POOL DEFAULT FLASH_CACHE DEFAULT CELL_FLASH_CACHE DEFAULT)
  TABLESPACE "USERS" ;
--------------------------------------------------------
--  DDL for Table COMPANY_TB
--------------------------------------------------------

  CREATE TABLE "CATWORK"."COMPANY_TB" 
   (	"COM_IDX" NUMBER(20,0), 
	"USER_IDX" NUMBER(20,0), 
	"TYPE" NUMBER(2,0), 
	"NAME" VARCHAR2(100 BYTE), 
	"LOGO" VARCHAR2(2000 BYTE) DEFAULT '/img/baselogo.png', 
	"CNUM" NUMBER(20,0), 
	"RESIDENT" VARCHAR2(100 BYTE), 
	"ZIP_CODE" VARCHAR2(100 BYTE), 
	"ADDRESS" VARCHAR2(1000 BYTE), 
	"CTYPE" VARCHAR2(50 BYTE), 
	"BDATE" DATE, 
	"CREATED" DATE DEFAULT SYSDATE
   ) SEGMENT CREATION IMMEDIATE 
  PCTFREE 10 PCTUSED 40 INITRANS 1 MAXTRANS 255 
 NOCOMPRESS LOGGING
  STORAGE(INITIAL 65536 NEXT 1048576 MINEXTENTS 1 MAXEXTENTS 2147483645
  PCTINCREASE 0 FREELISTS 1 FREELIST GROUPS 1
  BUFFER_POOL DEFAULT FLASH_CACHE DEFAULT CELL_FLASH_CACHE DEFAULT)
  TABLESPACE "USERS" ;
--------------------------------------------------------
--  DDL for Table HBOARD_TB
--------------------------------------------------------

  CREATE TABLE "CATWORK"."HBOARD_TB" 
   (	"HBOARD_IDX" NUMBER(20,0), 
	"USER_IDX" NUMBER(20,0), 
	"TITLE" VARCHAR2(1000 BYTE), 
	"CONTENT" VARCHAR2(2000 BYTE), 
	"CREATED" DATE DEFAULT SYSDATE
   ) SEGMENT CREATION IMMEDIATE 
  PCTFREE 10 PCTUSED 40 INITRANS 1 MAXTRANS 255 
 NOCOMPRESS LOGGING
  STORAGE(INITIAL 65536 NEXT 1048576 MINEXTENTS 1 MAXEXTENTS 2147483645
  PCTINCREASE 0 FREELISTS 1 FREELIST GROUPS 1
  BUFFER_POOL DEFAULT FLASH_CACHE DEFAULT CELL_FLASH_CACHE DEFAULT)
  TABLESPACE "USERS" ;
--------------------------------------------------------
--  DDL for Table HCOMMENT_TB
--------------------------------------------------------

  CREATE TABLE "CATWORK"."HCOMMENT_TB" 
   (	"HCOMMENT_IDX" NUMBER(20,0), 
	"HBOARD_IDX" NUMBER(20,0), 
	"USER_IDX" NUMBER(20,0), 
	"CONTENT" VARCHAR2(2000 BYTE), 
	"CREATED" DATE DEFAULT SYSDATE
   ) SEGMENT CREATION IMMEDIATE 
  PCTFREE 10 PCTUSED 40 INITRANS 1 MAXTRANS 255 
 NOCOMPRESS LOGGING
  STORAGE(INITIAL 65536 NEXT 1048576 MINEXTENTS 1 MAXEXTENTS 2147483645
  PCTINCREASE 0 FREELISTS 1 FREELIST GROUPS 1
  BUFFER_POOL DEFAULT FLASH_CACHE DEFAULT CELL_FLASH_CACHE DEFAULT)
  TABLESPACE "USERS" ;
--------------------------------------------------------
--  DDL for Table PERSON_TB
--------------------------------------------------------

  CREATE TABLE "CATWORK"."PERSON_TB" 
   (	"PER_IDX" NUMBER(20,0), 
	"USER_IDX" NUMBER(20,0), 
	"NAME" VARCHAR2(100 BYTE), 
	"PHONE" VARCHAR2(20 BYTE), 
	"ZIP_CODE" VARCHAR2(100 BYTE), 
	"ADDRESS" VARCHAR2(1000 BYTE), 
	"SOCIAL_NUM" VARCHAR2(100 BYTE), 
	"CREATED" DATE DEFAULT SYSDATE
   ) SEGMENT CREATION IMMEDIATE 
  PCTFREE 10 PCTUSED 40 INITRANS 1 MAXTRANS 255 
 NOCOMPRESS LOGGING
  STORAGE(INITIAL 65536 NEXT 1048576 MINEXTENTS 1 MAXEXTENTS 2147483645
  PCTINCREASE 0 FREELISTS 1 FREELIST GROUPS 1
  BUFFER_POOL DEFAULT FLASH_CACHE DEFAULT CELL_FLASH_CACHE DEFAULT)
  TABLESPACE "USERS" ;
--------------------------------------------------------
--  DDL for Table POST_SKILL_TB
--------------------------------------------------------

  CREATE TABLE "CATWORK"."POST_SKILL_TB" 
   (	"POSKILL_IDX" NUMBER(20,0), 
	"POST_IDX" NUMBER(20,0), 
	"SKILL_IDX" NUMBER(20,0)
   ) SEGMENT CREATION IMMEDIATE 
  PCTFREE 10 PCTUSED 40 INITRANS 1 MAXTRANS 255 
 NOCOMPRESS LOGGING
  STORAGE(INITIAL 65536 NEXT 1048576 MINEXTENTS 1 MAXEXTENTS 2147483645
  PCTINCREASE 0 FREELISTS 1 FREELIST GROUPS 1
  BUFFER_POOL DEFAULT FLASH_CACHE DEFAULT CELL_FLASH_CACHE DEFAULT)
  TABLESPACE "USERS" ;
--------------------------------------------------------
--  DDL for Table POST_TB
--------------------------------------------------------

  CREATE TABLE "CATWORK"."POST_TB" 
   (	"POST_IDX" NUMBER(20,0), 
	"USER_IDX" NUMBER(20,0), 
	"TITLE" VARCHAR2(100 BYTE), 
	"CAREER" VARCHAR2(50 BYTE), 
	"GOWORK" VARCHAR2(100 BYTE), 
	"GOHOME" VARCHAR2(100 BYTE), 
	"SALARY" VARCHAR2(100 BYTE), 
	"DEADLINE" DATE, 
	"INTRO" VARCHAR2(2000 BYTE), 
	"EXPLAIN" VARCHAR2(2000 BYTE), 
	"MANAGER" VARCHAR2(100 BYTE), 
	"MPHONE" VARCHAR2(100 BYTE), 
	"CREATED" DATE DEFAULT SYSDATE
   ) SEGMENT CREATION IMMEDIATE 
  PCTFREE 10 PCTUSED 40 INITRANS 1 MAXTRANS 255 
 NOCOMPRESS LOGGING
  STORAGE(INITIAL 65536 NEXT 1048576 MINEXTENTS 1 MAXEXTENTS 2147483645
  PCTINCREASE 0 FREELISTS 1 FREELIST GROUPS 1
  BUFFER_POOL DEFAULT FLASH_CACHE DEFAULT CELL_FLASH_CACHE DEFAULT)
  TABLESPACE "USERS" ;
--------------------------------------------------------
--  DDL for Table RATE_TB
--------------------------------------------------------

  CREATE TABLE "CATWORK"."RATE_TB" 
   (	"RATE_IDX" NUMBER(20,0), 
	"USER_IDX" NUMBER(20,0), 
	"RATING" NUMBER(5,2), 
	"CREATED" DATE DEFAULT SYSDATE
   ) SEGMENT CREATION IMMEDIATE 
  PCTFREE 10 PCTUSED 40 INITRANS 1 MAXTRANS 255 
 NOCOMPRESS LOGGING
  STORAGE(INITIAL 65536 NEXT 1048576 MINEXTENTS 1 MAXEXTENTS 2147483645
  PCTINCREASE 0 FREELISTS 1 FREELIST GROUPS 1
  BUFFER_POOL DEFAULT FLASH_CACHE DEFAULT CELL_FLASH_CACHE DEFAULT)
  TABLESPACE "USERS" ;
--------------------------------------------------------
--  DDL for Table RESUME_SKILL_TB
--------------------------------------------------------

  CREATE TABLE "CATWORK"."RESUME_SKILL_TB" 
   (	"RESKILL_IDX" NUMBER(20,0), 
	"RESUME_IDX" NUMBER(20,0), 
	"SKILL_IDX" NUMBER(20,0)
   ) SEGMENT CREATION IMMEDIATE 
  PCTFREE 10 PCTUSED 40 INITRANS 1 MAXTRANS 255 
 NOCOMPRESS LOGGING
  STORAGE(INITIAL 65536 NEXT 1048576 MINEXTENTS 1 MAXEXTENTS 2147483645
  PCTINCREASE 0 FREELISTS 1 FREELIST GROUPS 1
  BUFFER_POOL DEFAULT FLASH_CACHE DEFAULT CELL_FLASH_CACHE DEFAULT)
  TABLESPACE "USERS" ;
--------------------------------------------------------
--  DDL for Table RESUME_TB
--------------------------------------------------------

  CREATE TABLE "CATWORK"."RESUME_TB" 
   (	"RESUME_IDX" NUMBER(20,0), 
	"USER_IDX" NUMBER(20,0), 
	"TITLE" VARCHAR2(200 BYTE), 
	"IMAGE" VARCHAR2(400 BYTE) DEFAULT '/img/baseprofile.png', 
	"LINK" VARCHAR2(400 BYTE), 
	"INTRO" VARCHAR2(4000 BYTE), 
	"CREATED" DATE DEFAULT SYSDATE, 
	"TYPE" NUMBER(2,0)
   ) SEGMENT CREATION IMMEDIATE 
  PCTFREE 10 PCTUSED 40 INITRANS 1 MAXTRANS 255 
 NOCOMPRESS LOGGING
  STORAGE(INITIAL 65536 NEXT 1048576 MINEXTENTS 1 MAXEXTENTS 2147483645
  PCTINCREASE 0 FREELISTS 1 FREELIST GROUPS 1
  BUFFER_POOL DEFAULT FLASH_CACHE DEFAULT CELL_FLASH_CACHE DEFAULT)
  TABLESPACE "USERS" ;
--------------------------------------------------------
--  DDL for Table SKILL_TB
--------------------------------------------------------

  CREATE TABLE "CATWORK"."SKILL_TB" 
   (	"SKILL_IDX" NUMBER(20,0), 
	"NAME" VARCHAR2(50 BYTE)
   ) SEGMENT CREATION IMMEDIATE 
  PCTFREE 10 PCTUSED 40 INITRANS 1 MAXTRANS 255 
 NOCOMPRESS LOGGING
  STORAGE(INITIAL 65536 NEXT 1048576 MINEXTENTS 1 MAXEXTENTS 2147483645
  PCTINCREASE 0 FREELISTS 1 FREELIST GROUPS 1
  BUFFER_POOL DEFAULT FLASH_CACHE DEFAULT CELL_FLASH_CACHE DEFAULT)
  TABLESPACE "USERS" ;
--------------------------------------------------------
--  DDL for Table STATE_TB
--------------------------------------------------------

  CREATE TABLE "CATWORK"."STATE_TB" 
   (	"STATE_IDX" NUMBER(20,0), 
	"RESUME_IDX" NUMBER(20,0), 
	"APPLY_IDX" NUMBER(20,0), 
	"SCORE" NUMBER(10,0), 
	"COMMENTS" VARCHAR2(1000 BYTE)
   ) SEGMENT CREATION IMMEDIATE 
  PCTFREE 10 PCTUSED 40 INITRANS 1 MAXTRANS 255 
 NOCOMPRESS LOGGING
  STORAGE(INITIAL 65536 NEXT 1048576 MINEXTENTS 1 MAXEXTENTS 2147483645
  PCTINCREASE 0 FREELISTS 1 FREELIST GROUPS 1
  BUFFER_POOL DEFAULT FLASH_CACHE DEFAULT CELL_FLASH_CACHE DEFAULT)
  TABLESPACE "USERS" ;
--------------------------------------------------------
--  DDL for Table USER_TB
--------------------------------------------------------

  CREATE TABLE "CATWORK"."USER_TB" 
   (	"USER_IDX" NUMBER(20,0), 
	"ID" VARCHAR2(50 BYTE), 
	"PWD" VARCHAR2(50 BYTE), 
	"TYPE" NUMBER(1,0)
   ) SEGMENT CREATION IMMEDIATE 
  PCTFREE 10 PCTUSED 40 INITRANS 1 MAXTRANS 255 
 NOCOMPRESS LOGGING
  STORAGE(INITIAL 65536 NEXT 1048576 MINEXTENTS 1 MAXEXTENTS 2147483645
  PCTINCREASE 0 FREELISTS 1 FREELIST GROUPS 1
  BUFFER_POOL DEFAULT FLASH_CACHE DEFAULT CELL_FLASH_CACHE DEFAULT)
  TABLESPACE "USERS" ;
REM INSERTING into CATWORK.ADMIN_TB
SET DEFINE OFF;
Insert into CATWORK.ADMIN_TB (ADMIN_IDX,USER_IDX,NAME) values (1,5,'관리자A');
Insert into CATWORK.ADMIN_TB (ADMIN_IDX,USER_IDX,NAME) values (2,6,'관리자B');
Insert into CATWORK.ADMIN_TB (ADMIN_IDX,USER_IDX,NAME) values (3,7,'관리자C');
Insert into CATWORK.ADMIN_TB (ADMIN_IDX,USER_IDX,NAME) values (4,8,'관리자D');
REM INSERTING into CATWORK.APPLY_TB
SET DEFINE OFF;
Insert into CATWORK.APPLY_TB (APPLY_IDX,RESUME_IDX,POST_IDX,STATE,CREATED) values (1,2,1,0,to_date('24/05/10','RR/MM/DD'));
Insert into CATWORK.APPLY_TB (APPLY_IDX,RESUME_IDX,POST_IDX,STATE,CREATED) values (2,5,1,1,to_date('24/05/10','RR/MM/DD'));
Insert into CATWORK.APPLY_TB (APPLY_IDX,RESUME_IDX,POST_IDX,STATE,CREATED) values (3,5,2,0,to_date('24/05/10','RR/MM/DD'));
Insert into CATWORK.APPLY_TB (APPLY_IDX,RESUME_IDX,POST_IDX,STATE,CREATED) values (4,5,4,1,to_date('24/05/10','RR/MM/DD'));
REM INSERTING into CATWORK.BCOMMENT_TB
SET DEFINE OFF;
Insert into CATWORK.BCOMMENT_TB (BCOMMENT_IDX,BOARD_IDX,USER_IDX,CONTENT,CREATED) values (1,1,1,'첫댓글',to_date('24/05/10','RR/MM/DD'));
Insert into CATWORK.BCOMMENT_TB (BCOMMENT_IDX,BOARD_IDX,USER_IDX,CONTENT,CREATED) values (2,2,2,'저도요',to_date('24/05/10','RR/MM/DD'));
Insert into CATWORK.BCOMMENT_TB (BCOMMENT_IDX,BOARD_IDX,USER_IDX,CONTENT,CREATED) values (3,3,3,'안녕하세요',to_date('24/05/10','RR/MM/DD'));
Insert into CATWORK.BCOMMENT_TB (BCOMMENT_IDX,BOARD_IDX,USER_IDX,CONTENT,CREATED) values (4,4,4,'처리해드렸습니다',to_date('24/05/10','RR/MM/DD'));
REM INSERTING into CATWORK.BOARD_TB
SET DEFINE OFF;
Insert into CATWORK.BOARD_TB (BOARD_IDX,USER_IDX,TITLE,CONTENT,CREATED) values (1,1,'자유게시판 첫글','반갑습니다 ',to_date('24/05/10','RR/MM/DD'));
Insert into CATWORK.BOARD_TB (BOARD_IDX,USER_IDX,TITLE,CONTENT,CREATED) values (2,2,'자유) 두번째 글','잘부탁드립니다',to_date('24/05/10','RR/MM/DD'));
Insert into CATWORK.BOARD_TB (BOARD_IDX,USER_IDX,TITLE,CONTENT,CREATED) values (3,3,'자유) 안녕하세요','안녕하세요',to_date('24/05/10','RR/MM/DD'));
Insert into CATWORK.BOARD_TB (BOARD_IDX,USER_IDX,TITLE,CONTENT,CREATED) values (4,4,'자유) 뭐좀 물어봅시다
','처리됬습니다',to_date('24/05/10','RR/MM/DD'));
REM INSERTING into CATWORK.BOOKMARK_TB
SET DEFINE OFF;
Insert into CATWORK.BOOKMARK_TB (BOOK_IDX,USER_IDX,POST_IDX,BOOKMARK) values (1,1,1,1);
Insert into CATWORK.BOOKMARK_TB (BOOK_IDX,USER_IDX,POST_IDX,BOOKMARK) values (2,1,2,1);
Insert into CATWORK.BOOKMARK_TB (BOOK_IDX,USER_IDX,POST_IDX,BOOKMARK) values (3,2,1,1);
Insert into CATWORK.BOOKMARK_TB (BOOK_IDX,USER_IDX,POST_IDX,BOOKMARK) values (4,2,2,1);
Insert into CATWORK.BOOKMARK_TB (BOOK_IDX,USER_IDX,POST_IDX,BOOKMARK) values (5,2,4,1);
REM INSERTING into CATWORK.CBOARD_TB
SET DEFINE OFF;
Insert into CATWORK.CBOARD_TB (CBOARD_IDX,USER_IDX,TITLE,CONTENT,CREATED) values (1,1,'제목1','내용1',to_date('24/05/10','RR/MM/DD'));
Insert into CATWORK.CBOARD_TB (CBOARD_IDX,USER_IDX,TITLE,CONTENT,CREATED) values (2,2,'제목2','내용2',to_date('24/05/10','RR/MM/DD'));
Insert into CATWORK.CBOARD_TB (CBOARD_IDX,USER_IDX,TITLE,CONTENT,CREATED) values (3,3,'제목3','내용3',to_date('24/05/10','RR/MM/DD'));
Insert into CATWORK.CBOARD_TB (CBOARD_IDX,USER_IDX,TITLE,CONTENT,CREATED) values (4,4,'제목4','내용4',to_date('24/05/10','RR/MM/DD'));
REM INSERTING into CATWORK.CCOMMENT_TB
SET DEFINE OFF;
Insert into CATWORK.CCOMMENT_TB (CCOMMENT_IDX,CBOARD_IDX,USER_IDX,CONTENT,CREATED) values (1,1,1,'댓글1',to_date('24/05/10','RR/MM/DD'));
Insert into CATWORK.CCOMMENT_TB (CCOMMENT_IDX,CBOARD_IDX,USER_IDX,CONTENT,CREATED) values (2,2,2,'댓글2',to_date('24/05/10','RR/MM/DD'));
Insert into CATWORK.CCOMMENT_TB (CCOMMENT_IDX,CBOARD_IDX,USER_IDX,CONTENT,CREATED) values (3,3,3,'댓글3',to_date('24/05/10','RR/MM/DD'));
Insert into CATWORK.CCOMMENT_TB (CCOMMENT_IDX,CBOARD_IDX,USER_IDX,CONTENT,CREATED) values (4,4,4,'댓글4',to_date('24/05/10','RR/MM/DD'));
REM INSERTING into CATWORK.COMPANY_TB
SET DEFINE OFF;
Insert into CATWORK.COMPANY_TB (COM_IDX,USER_IDX,TYPE,NAME,LOGO,CNUM,RESIDENT,ZIP_CODE,ADDRESS,CTYPE,BDATE,CREATED) values (1,9,1,'삼성','/img/logo1.png',1234567890,'서울특별시','12345','서울시 강남 무슨구','대기업',to_date('97/11/06','RR/MM/DD'),to_date('24/05/10','RR/MM/DD'));
Insert into CATWORK.COMPANY_TB (COM_IDX,USER_IDX,TYPE,NAME,LOGO,CNUM,RESIDENT,ZIP_CODE,ADDRESS,CTYPE,BDATE,CREATED) values (2,10,2,'LG','/img/logo2.png',1234567891,'인천광역시','12346','인천공항근처','대기업',to_date('98/05/11','RR/MM/DD'),to_date('24/05/10','RR/MM/DD'));
Insert into CATWORK.COMPANY_TB (COM_IDX,USER_IDX,TYPE,NAME,LOGO,CNUM,RESIDENT,ZIP_CODE,ADDRESS,CTYPE,BDATE,CREATED) values (3,11,3,'현대자동차','/img/logo3.png',1234567892,'울산광역시','12347','울산 고장근처','중견',to_date('08/05/16','RR/MM/DD'),to_date('24/05/10','RR/MM/DD'));
Insert into CATWORK.COMPANY_TB (COM_IDX,USER_IDX,TYPE,NAME,LOGO,CNUM,RESIDENT,ZIP_CODE,ADDRESS,CTYPE,BDATE,CREATED) values (4,12,4,'기아','/img/logo4.png',1234567893,'부산광역시','12348','부산 해운대구','대기업',to_date('10/05/13','RR/MM/DD'),to_date('24/05/10','RR/MM/DD'));
REM INSERTING into CATWORK.HBOARD_TB
SET DEFINE OFF;
Insert into CATWORK.HBOARD_TB (HBOARD_IDX,USER_IDX,TITLE,CONTENT,CREATED) values (1,1,'제목1','내용1',to_date('24/05/10','RR/MM/DD'));
Insert into CATWORK.HBOARD_TB (HBOARD_IDX,USER_IDX,TITLE,CONTENT,CREATED) values (2,2,'제목2','내용2',to_date('24/05/10','RR/MM/DD'));
Insert into CATWORK.HBOARD_TB (HBOARD_IDX,USER_IDX,TITLE,CONTENT,CREATED) values (3,3,'제목3','내용3',to_date('24/05/10','RR/MM/DD'));
Insert into CATWORK.HBOARD_TB (HBOARD_IDX,USER_IDX,TITLE,CONTENT,CREATED) values (4,4,'제목4','내용4',to_date('24/05/10','RR/MM/DD'));
REM INSERTING into CATWORK.HCOMMENT_TB
SET DEFINE OFF;
Insert into CATWORK.HCOMMENT_TB (HCOMMENT_IDX,HBOARD_IDX,USER_IDX,CONTENT,CREATED) values (1,1,1,'댓글1',to_date('24/05/10','RR/MM/DD'));
Insert into CATWORK.HCOMMENT_TB (HCOMMENT_IDX,HBOARD_IDX,USER_IDX,CONTENT,CREATED) values (2,2,2,'댓글2',to_date('24/05/10','RR/MM/DD'));
Insert into CATWORK.HCOMMENT_TB (HCOMMENT_IDX,HBOARD_IDX,USER_IDX,CONTENT,CREATED) values (3,3,3,'댓글3',to_date('24/05/10','RR/MM/DD'));
Insert into CATWORK.HCOMMENT_TB (HCOMMENT_IDX,HBOARD_IDX,USER_IDX,CONTENT,CREATED) values (4,4,4,'댓글4',to_date('24/05/10','RR/MM/DD'));
REM INSERTING into CATWORK.PERSON_TB
SET DEFINE OFF;
Insert into CATWORK.PERSON_TB (PER_IDX,USER_IDX,NAME,PHONE,ZIP_CODE,ADDRESS,SOCIAL_NUM,CREATED) values (1,1,'이청용1','010-4645-4654','123123','부산진구 서전로 10번길','931212-1234567',to_date('24/05/09','RR/MM/DD'));
Insert into CATWORK.PERSON_TB (PER_IDX,USER_IDX,NAME,PHONE,ZIP_CODE,ADDRESS,SOCIAL_NUM,CREATED) values (2,2,'손흥민','010-4567-4211','123452','서울특별시 강남','924225-1441555',to_date('24/05/10','RR/MM/DD'));
Insert into CATWORK.PERSON_TB (PER_IDX,USER_IDX,NAME,PHONE,ZIP_CODE,ADDRESS,SOCIAL_NUM,CREATED) values (3,3,'박지성','010-2145-4522','324563','울산광역시 울산공장','871252-4231455',to_date('24/05/10','RR/MM/DD'));
Insert into CATWORK.PERSON_TB (PER_IDX,USER_IDX,NAME,PHONE,ZIP_CODE,ADDRESS,SOCIAL_NUM,CREATED) values (4,4,'페이커','010-7531-2345','753255','인천광역시 인청공항','943285-4621345',to_date('24/05/10','RR/MM/DD'));
REM INSERTING into CATWORK.POST_SKILL_TB
SET DEFINE OFF;
Insert into CATWORK.POST_SKILL_TB (POSKILL_IDX,POST_IDX,SKILL_IDX) values (1,1,1);
Insert into CATWORK.POST_SKILL_TB (POSKILL_IDX,POST_IDX,SKILL_IDX) values (2,1,8);
Insert into CATWORK.POST_SKILL_TB (POSKILL_IDX,POST_IDX,SKILL_IDX) values (3,2,3);
Insert into CATWORK.POST_SKILL_TB (POSKILL_IDX,POST_IDX,SKILL_IDX) values (4,2,4);
Insert into CATWORK.POST_SKILL_TB (POSKILL_IDX,POST_IDX,SKILL_IDX) values (5,3,9);
Insert into CATWORK.POST_SKILL_TB (POSKILL_IDX,POST_IDX,SKILL_IDX) values (6,4,1);
Insert into CATWORK.POST_SKILL_TB (POSKILL_IDX,POST_IDX,SKILL_IDX) values (7,4,2);
Insert into CATWORK.POST_SKILL_TB (POSKILL_IDX,POST_IDX,SKILL_IDX) values (8,4,5);
Insert into CATWORK.POST_SKILL_TB (POSKILL_IDX,POST_IDX,SKILL_IDX) values (9,4,7);
REM INSERTING into CATWORK.POST_TB
SET DEFINE OFF;
Insert into CATWORK.POST_TB (POST_IDX,USER_IDX,TITLE,CAREER,GOWORK,GOHOME,SALARY,DEADLINE,INTRO,EXPLAIN,MANAGER,MPHONE,CREATED) values (1,9,'삼성 개발자 구인','3년이상','9','18','연봉5000',to_date('24/05/10','RR/MM/DD'),'삼성에서 백엔드 개발자를 구인합니다','공고에 관한 설명','김사장','010-4564-8888',to_date('24/05/10','RR/MM/DD'));
Insert into CATWORK.POST_TB (POST_IDX,USER_IDX,TITLE,CAREER,GOWORK,GOHOME,SALARY,DEADLINE,INTRO,EXPLAIN,MANAGER,MPHONE,CREATED) values (2,10,'엘지 프론트 엔드 개발자','신입','9','18','연봉4500',to_date('24/05/11','RR/MM/DD'),'엘지에서 프론트 개발자를 구인합니다','설명2','박담당','010-3215-4562',to_date('24/05/10','RR/MM/DD'));
Insert into CATWORK.POST_TB (POST_IDX,USER_IDX,TITLE,CAREER,GOWORK,GOHOME,SALARY,DEADLINE,INTRO,EXPLAIN,MANAGER,MPHONE,CREATED) values (3,11,'현대자동차 직원 구인','무관','8','20','연봉6000',to_date('24/05/12','RR/MM/DD'),'현대자동차 생산직을 구인합니다','설명3','서담당','010-7952-1234',to_date('24/05/10','RR/MM/DD'));
Insert into CATWORK.POST_TB (POST_IDX,USER_IDX,TITLE,CAREER,GOWORK,GOHOME,SALARY,DEADLINE,INTRO,EXPLAIN,MANAGER,MPHONE,CREATED) values (4,12,'기아자동차 개발자구인
','5년이상','9','18','급여4800',to_date('24/05/13','RR/MM/DD'),'기아자동차에서 백엔드 개발자를 구인합니다','설명4','손담당','010-4255-7854
',to_date('24/05/10','RR/MM/DD'));
REM INSERTING into CATWORK.RATE_TB
SET DEFINE OFF;
Insert into CATWORK.RATE_TB (RATE_IDX,USER_IDX,RATING,CREATED) values (1,9,4,to_date('24/05/10','RR/MM/DD'));
Insert into CATWORK.RATE_TB (RATE_IDX,USER_IDX,RATING,CREATED) values (2,12,5,to_date('24/05/10','RR/MM/DD'));
REM INSERTING into CATWORK.RESUME_SKILL_TB
SET DEFINE OFF;
Insert into CATWORK.RESUME_SKILL_TB (RESKILL_IDX,RESUME_IDX,SKILL_IDX) values (1,1,1);
Insert into CATWORK.RESUME_SKILL_TB (RESKILL_IDX,RESUME_IDX,SKILL_IDX) values (2,1,8);
Insert into CATWORK.RESUME_SKILL_TB (RESKILL_IDX,RESUME_IDX,SKILL_IDX) values (3,2,9);
Insert into CATWORK.RESUME_SKILL_TB (RESKILL_IDX,RESUME_IDX,SKILL_IDX) values (4,3,1);
Insert into CATWORK.RESUME_SKILL_TB (RESKILL_IDX,RESUME_IDX,SKILL_IDX) values (5,3,2);
Insert into CATWORK.RESUME_SKILL_TB (RESKILL_IDX,RESUME_IDX,SKILL_IDX) values (6,5,1);
Insert into CATWORK.RESUME_SKILL_TB (RESKILL_IDX,RESUME_IDX,SKILL_IDX) values (7,5,2);
Insert into CATWORK.RESUME_SKILL_TB (RESKILL_IDX,RESUME_IDX,SKILL_IDX) values (8,5,7);
Insert into CATWORK.RESUME_SKILL_TB (RESKILL_IDX,RESUME_IDX,SKILL_IDX) values (9,5,5);
Insert into CATWORK.RESUME_SKILL_TB (RESKILL_IDX,RESUME_IDX,SKILL_IDX) values (10,5,8);
REM INSERTING into CATWORK.RESUME_TB
SET DEFINE OFF;
Insert into CATWORK.RESUME_TB (RESUME_IDX,USER_IDX,TITLE,IMAGE,LINK,INTRO,CREATED,TYPE) values (2,1,'두번째 이력서','이미지경로2','포트폴리오 링크2','자기소개서',to_date('24/05/10','RR/MM/DD'),0);
Insert into CATWORK.RESUME_TB (RESUME_IDX,USER_IDX,TITLE,IMAGE,LINK,INTRO,CREATED,TYPE) values (3,2,'첫번째 개발자 이력서','이미지 경로 3','포트폴리오 링크3','자기소개글',to_date('24/05/10','RR/MM/DD'),1);
Insert into CATWORK.RESUME_TB (RESUME_IDX,USER_IDX,TITLE,IMAGE,LINK,INTRO,CREATED,TYPE) values (4,2,'두번째 개발자 이력서','이미지 경로4','포트폴리오 링크4','지원동기',to_date('24/05/10','RR/MM/DD'),0);
Insert into CATWORK.RESUME_TB (RESUME_IDX,USER_IDX,TITLE,IMAGE,LINK,INTRO,CREATED,TYPE) values (5,2,'세번째 개발자 이력서','이미지 경로5','포트폴리오 링크5','지원동기+',to_date('24/05/10','RR/MM/DD'),1);
Insert into CATWORK.RESUME_TB (RESUME_IDX,USER_IDX,TITLE,IMAGE,LINK,INTRO,CREATED,TYPE) values (1,1,'첫번째 이력서','이미지 경로','포트폴리오 링크','자기소개서',to_date('24/05/10','RR/MM/DD'),1);
REM INSERTING into CATWORK.SKILL_TB
SET DEFINE OFF;
Insert into CATWORK.SKILL_TB (SKILL_IDX,NAME) values (1,'Java');
Insert into CATWORK.SKILL_TB (SKILL_IDX,NAME) values (2,'SringBoot');
Insert into CATWORK.SKILL_TB (SKILL_IDX,NAME) values (3,'HTML');
Insert into CATWORK.SKILL_TB (SKILL_IDX,NAME) values (4,'CSS');
Insert into CATWORK.SKILL_TB (SKILL_IDX,NAME) values (5,'DB');
Insert into CATWORK.SKILL_TB (SKILL_IDX,NAME) values (6,'SpringLegacy');
Insert into CATWORK.SKILL_TB (SKILL_IDX,NAME) values (7,'JPA');
Insert into CATWORK.SKILL_TB (SKILL_IDX,NAME) values (8,'JavaScript');
Insert into CATWORK.SKILL_TB (SKILL_IDX,NAME) values (9,'무관');
REM INSERTING into CATWORK.STATE_TB
SET DEFINE OFF;
Insert into CATWORK.STATE_TB (STATE_IDX,RESUME_IDX,APPLY_IDX,SCORE,COMMENTS) values (1,5,4,85,'축하합니다');
Insert into CATWORK.STATE_TB (STATE_IDX,RESUME_IDX,APPLY_IDX,SCORE,COMMENTS) values (2,5,2,88,'합격하셨습니다');
Insert into CATWORK.STATE_TB (STATE_IDX,RESUME_IDX,APPLY_IDX,SCORE,COMMENTS) values (3,5,3,50,'죄송합니다');
Insert into CATWORK.STATE_TB (STATE_IDX,RESUME_IDX,APPLY_IDX,SCORE,COMMENTS) values (4,2,1,40,'다음에 입사부탁드립니다');
REM INSERTING into CATWORK.USER_TB
SET DEFINE OFF;
Insert into CATWORK.USER_TB (USER_IDX,ID,PWD,TYPE) values (1,'id001','1234',2);
Insert into CATWORK.USER_TB (USER_IDX,ID,PWD,TYPE) values (2,'user','1234',2);
Insert into CATWORK.USER_TB (USER_IDX,ID,PWD,TYPE) values (3,'user2','1234',2);
Insert into CATWORK.USER_TB (USER_IDX,ID,PWD,TYPE) values (4,'user3','1234',2);
Insert into CATWORK.USER_TB (USER_IDX,ID,PWD,TYPE) values (5,'admin1','1234',0);
Insert into CATWORK.USER_TB (USER_IDX,ID,PWD,TYPE) values (6,'admin2','1234',0);
Insert into CATWORK.USER_TB (USER_IDX,ID,PWD,TYPE) values (7,'admin3','1234',0);
Insert into CATWORK.USER_TB (USER_IDX,ID,PWD,TYPE) values (8,'admin4','1234',0);
Insert into CATWORK.USER_TB (USER_IDX,ID,PWD,TYPE) values (9,'com1','1234',1);
Insert into CATWORK.USER_TB (USER_IDX,ID,PWD,TYPE) values (10,'com2','1234',1);
Insert into CATWORK.USER_TB (USER_IDX,ID,PWD,TYPE) values (11,'com3','1234',1);
Insert into CATWORK.USER_TB (USER_IDX,ID,PWD,TYPE) values (12,'com','1234',1);
--------------------------------------------------------
--  DDL for Index SYS_C0011009
--------------------------------------------------------

  CREATE UNIQUE INDEX "CATWORK"."SYS_C0011009" ON "CATWORK"."USER_TB" ("USER_IDX") 
  PCTFREE 10 INITRANS 2 MAXTRANS 255 
  STORAGE(INITIAL 65536 NEXT 1048576 MINEXTENTS 1 MAXEXTENTS 2147483645
  PCTINCREASE 0 FREELISTS 1 FREELIST GROUPS 1
  BUFFER_POOL DEFAULT FLASH_CACHE DEFAULT CELL_FLASH_CACHE DEFAULT)
  TABLESPACE "USERS" ;
--------------------------------------------------------
--  DDL for Index SYS_C0011010
--------------------------------------------------------

  CREATE UNIQUE INDEX "CATWORK"."SYS_C0011010" ON "CATWORK"."USER_TB" ("ID") 
  PCTFREE 10 INITRANS 2 MAXTRANS 255 
  STORAGE(INITIAL 65536 NEXT 1048576 MINEXTENTS 1 MAXEXTENTS 2147483645
  PCTINCREASE 0 FREELISTS 1 FREELIST GROUPS 1
  BUFFER_POOL DEFAULT FLASH_CACHE DEFAULT CELL_FLASH_CACHE DEFAULT)
  TABLESPACE "USERS" ;
--------------------------------------------------------
--  DDL for Index SYS_C0011013
--------------------------------------------------------

  CREATE UNIQUE INDEX "CATWORK"."SYS_C0011013" ON "CATWORK"."ADMIN_TB" ("ADMIN_IDX") 
  PCTFREE 10 INITRANS 2 MAXTRANS 255 
  STORAGE(INITIAL 65536 NEXT 1048576 MINEXTENTS 1 MAXEXTENTS 2147483645
  PCTINCREASE 0 FREELISTS 1 FREELIST GROUPS 1
  BUFFER_POOL DEFAULT FLASH_CACHE DEFAULT CELL_FLASH_CACHE DEFAULT)
  TABLESPACE "USERS" ;
--------------------------------------------------------
--  DDL for Index SYS_C0011026
--------------------------------------------------------

  CREATE UNIQUE INDEX "CATWORK"."SYS_C0011026" ON "CATWORK"."COMPANY_TB" ("COM_IDX") 
  PCTFREE 10 INITRANS 2 MAXTRANS 255 
  STORAGE(INITIAL 65536 NEXT 1048576 MINEXTENTS 1 MAXEXTENTS 2147483645
  PCTINCREASE 0 FREELISTS 1 FREELIST GROUPS 1
  BUFFER_POOL DEFAULT FLASH_CACHE DEFAULT CELL_FLASH_CACHE DEFAULT)
  TABLESPACE "USERS" ;
--------------------------------------------------------
--  DDL for Index SYS_C0011036
--------------------------------------------------------

  CREATE UNIQUE INDEX "CATWORK"."SYS_C0011036" ON "CATWORK"."PERSON_TB" ("PER_IDX") 
  PCTFREE 10 INITRANS 2 MAXTRANS 255 
  STORAGE(INITIAL 65536 NEXT 1048576 MINEXTENTS 1 MAXEXTENTS 2147483645
  PCTINCREASE 0 FREELISTS 1 FREELIST GROUPS 1
  BUFFER_POOL DEFAULT FLASH_CACHE DEFAULT CELL_FLASH_CACHE DEFAULT)
  TABLESPACE "USERS" ;
--------------------------------------------------------
--  DDL for Index SYS_C0011041
--------------------------------------------------------

  CREATE UNIQUE INDEX "CATWORK"."SYS_C0011041" ON "CATWORK"."RATE_TB" ("RATE_IDX") 
  PCTFREE 10 INITRANS 2 MAXTRANS 255 
  STORAGE(INITIAL 65536 NEXT 1048576 MINEXTENTS 1 MAXEXTENTS 2147483645
  PCTINCREASE 0 FREELISTS 1 FREELIST GROUPS 1
  BUFFER_POOL DEFAULT FLASH_CACHE DEFAULT CELL_FLASH_CACHE DEFAULT)
  TABLESPACE "USERS" ;
--------------------------------------------------------
--  DDL for Index SYS_C0011047
--------------------------------------------------------

  CREATE UNIQUE INDEX "CATWORK"."SYS_C0011047" ON "CATWORK"."BOARD_TB" ("BOARD_IDX") 
  PCTFREE 10 INITRANS 2 MAXTRANS 255 
  STORAGE(INITIAL 65536 NEXT 1048576 MINEXTENTS 1 MAXEXTENTS 2147483645
  PCTINCREASE 0 FREELISTS 1 FREELIST GROUPS 1
  BUFFER_POOL DEFAULT FLASH_CACHE DEFAULT CELL_FLASH_CACHE DEFAULT)
  TABLESPACE "USERS" ;
--------------------------------------------------------
--  DDL for Index SYS_C0011053
--------------------------------------------------------

  CREATE UNIQUE INDEX "CATWORK"."SYS_C0011053" ON "CATWORK"."BCOMMENT_TB" ("BCOMMENT_IDX") 
  PCTFREE 10 INITRANS 2 MAXTRANS 255 
  STORAGE(INITIAL 65536 NEXT 1048576 MINEXTENTS 1 MAXEXTENTS 2147483645
  PCTINCREASE 0 FREELISTS 1 FREELIST GROUPS 1
  BUFFER_POOL DEFAULT FLASH_CACHE DEFAULT CELL_FLASH_CACHE DEFAULT)
  TABLESPACE "USERS" ;
--------------------------------------------------------
--  DDL for Index SYS_C0011060
--------------------------------------------------------

  CREATE UNIQUE INDEX "CATWORK"."SYS_C0011060" ON "CATWORK"."CBOARD_TB" ("CBOARD_IDX") 
  PCTFREE 10 INITRANS 2 MAXTRANS 255 
  STORAGE(INITIAL 65536 NEXT 1048576 MINEXTENTS 1 MAXEXTENTS 2147483645
  PCTINCREASE 0 FREELISTS 1 FREELIST GROUPS 1
  BUFFER_POOL DEFAULT FLASH_CACHE DEFAULT CELL_FLASH_CACHE DEFAULT)
  TABLESPACE "USERS" ;
--------------------------------------------------------
--  DDL for Index SYS_C0011066
--------------------------------------------------------

  CREATE UNIQUE INDEX "CATWORK"."SYS_C0011066" ON "CATWORK"."CCOMMENT_TB" ("CCOMMENT_IDX") 
  PCTFREE 10 INITRANS 2 MAXTRANS 255 
  STORAGE(INITIAL 65536 NEXT 1048576 MINEXTENTS 1 MAXEXTENTS 2147483645
  PCTINCREASE 0 FREELISTS 1 FREELIST GROUPS 1
  BUFFER_POOL DEFAULT FLASH_CACHE DEFAULT CELL_FLASH_CACHE DEFAULT)
  TABLESPACE "USERS" ;
--------------------------------------------------------
--  DDL for Index SYS_C0011073
--------------------------------------------------------

  CREATE UNIQUE INDEX "CATWORK"."SYS_C0011073" ON "CATWORK"."HBOARD_TB" ("HBOARD_IDX") 
  PCTFREE 10 INITRANS 2 MAXTRANS 255 
  STORAGE(INITIAL 65536 NEXT 1048576 MINEXTENTS 1 MAXEXTENTS 2147483645
  PCTINCREASE 0 FREELISTS 1 FREELIST GROUPS 1
  BUFFER_POOL DEFAULT FLASH_CACHE DEFAULT CELL_FLASH_CACHE DEFAULT)
  TABLESPACE "USERS" ;
--------------------------------------------------------
--  DDL for Index SYS_C0011079
--------------------------------------------------------

  CREATE UNIQUE INDEX "CATWORK"."SYS_C0011079" ON "CATWORK"."HCOMMENT_TB" ("HCOMMENT_IDX") 
  PCTFREE 10 INITRANS 2 MAXTRANS 255 
  STORAGE(INITIAL 65536 NEXT 1048576 MINEXTENTS 1 MAXEXTENTS 2147483645
  PCTINCREASE 0 FREELISTS 1 FREELIST GROUPS 1
  BUFFER_POOL DEFAULT FLASH_CACHE DEFAULT CELL_FLASH_CACHE DEFAULT)
  TABLESPACE "USERS" ;
--------------------------------------------------------
--  DDL for Index SYS_C0011083
--------------------------------------------------------

  CREATE UNIQUE INDEX "CATWORK"."SYS_C0011083" ON "CATWORK"."SKILL_TB" ("SKILL_IDX") 
  PCTFREE 10 INITRANS 2 MAXTRANS 255 
  STORAGE(INITIAL 65536 NEXT 1048576 MINEXTENTS 1 MAXEXTENTS 2147483645
  PCTINCREASE 0 FREELISTS 1 FREELIST GROUPS 1
  BUFFER_POOL DEFAULT FLASH_CACHE DEFAULT CELL_FLASH_CACHE DEFAULT)
  TABLESPACE "USERS" ;
--------------------------------------------------------
--  DDL for Index SYS_C0011096
--------------------------------------------------------

  CREATE UNIQUE INDEX "CATWORK"."SYS_C0011096" ON "CATWORK"."POST_TB" ("POST_IDX") 
  PCTFREE 10 INITRANS 2 MAXTRANS 255 
  STORAGE(INITIAL 65536 NEXT 1048576 MINEXTENTS 1 MAXEXTENTS 2147483645
  PCTINCREASE 0 FREELISTS 1 FREELIST GROUPS 1
  BUFFER_POOL DEFAULT FLASH_CACHE DEFAULT CELL_FLASH_CACHE DEFAULT)
  TABLESPACE "USERS" ;
--------------------------------------------------------
--  DDL for Index SYS_C0011104
--------------------------------------------------------

  CREATE UNIQUE INDEX "CATWORK"."SYS_C0011104" ON "CATWORK"."RESUME_TB" ("RESUME_IDX") 
  PCTFREE 10 INITRANS 2 MAXTRANS 255 
  STORAGE(INITIAL 65536 NEXT 1048576 MINEXTENTS 1 MAXEXTENTS 2147483645
  PCTINCREASE 0 FREELISTS 1 FREELIST GROUPS 1
  BUFFER_POOL DEFAULT FLASH_CACHE DEFAULT CELL_FLASH_CACHE DEFAULT)
  TABLESPACE "USERS" ;
--------------------------------------------------------
--  DDL for Index SYS_C0011109
--------------------------------------------------------

  CREATE UNIQUE INDEX "CATWORK"."SYS_C0011109" ON "CATWORK"."BOOKMARK_TB" ("BOOK_IDX") 
  PCTFREE 10 INITRANS 2 MAXTRANS 255 
  STORAGE(INITIAL 65536 NEXT 1048576 MINEXTENTS 1 MAXEXTENTS 2147483645
  PCTINCREASE 0 FREELISTS 1 FREELIST GROUPS 1
  BUFFER_POOL DEFAULT FLASH_CACHE DEFAULT CELL_FLASH_CACHE DEFAULT)
  TABLESPACE "USERS" ;
--------------------------------------------------------
--  DDL for Index SYS_C0011116
--------------------------------------------------------

  CREATE UNIQUE INDEX "CATWORK"."SYS_C0011116" ON "CATWORK"."APPLY_TB" ("APPLY_IDX") 
  PCTFREE 10 INITRANS 2 MAXTRANS 255 
  STORAGE(INITIAL 65536 NEXT 1048576 MINEXTENTS 1 MAXEXTENTS 2147483645
  PCTINCREASE 0 FREELISTS 1 FREELIST GROUPS 1
  BUFFER_POOL DEFAULT FLASH_CACHE DEFAULT CELL_FLASH_CACHE DEFAULT)
  TABLESPACE "USERS" ;
--------------------------------------------------------
--  DDL for Index SYS_C0011121
--------------------------------------------------------

  CREATE UNIQUE INDEX "CATWORK"."SYS_C0011121" ON "CATWORK"."POST_SKILL_TB" ("POSKILL_IDX") 
  PCTFREE 10 INITRANS 2 MAXTRANS 255 
  STORAGE(INITIAL 65536 NEXT 1048576 MINEXTENTS 1 MAXEXTENTS 2147483645
  PCTINCREASE 0 FREELISTS 1 FREELIST GROUPS 1
  BUFFER_POOL DEFAULT FLASH_CACHE DEFAULT CELL_FLASH_CACHE DEFAULT)
  TABLESPACE "USERS" ;
--------------------------------------------------------
--  DDL for Index SYS_C0011126
--------------------------------------------------------

  CREATE UNIQUE INDEX "CATWORK"."SYS_C0011126" ON "CATWORK"."RESUME_SKILL_TB" ("RESKILL_IDX") 
  PCTFREE 10 INITRANS 2 MAXTRANS 255 
  STORAGE(INITIAL 65536 NEXT 1048576 MINEXTENTS 1 MAXEXTENTS 2147483645
  PCTINCREASE 0 FREELISTS 1 FREELIST GROUPS 1
  BUFFER_POOL DEFAULT FLASH_CACHE DEFAULT CELL_FLASH_CACHE DEFAULT)
  TABLESPACE "USERS" ;
--------------------------------------------------------
--  DDL for Index SYS_C0011133
--------------------------------------------------------

  CREATE UNIQUE INDEX "CATWORK"."SYS_C0011133" ON "CATWORK"."STATE_TB" ("STATE_IDX") 
  PCTFREE 10 INITRANS 2 MAXTRANS 255 
  STORAGE(INITIAL 65536 NEXT 1048576 MINEXTENTS 1 MAXEXTENTS 2147483645
  PCTINCREASE 0 FREELISTS 1 FREELIST GROUPS 1
  BUFFER_POOL DEFAULT FLASH_CACHE DEFAULT CELL_FLASH_CACHE DEFAULT)
  TABLESPACE "USERS" ;
--------------------------------------------------------
--  DDL for Index SYS_C0011013
--------------------------------------------------------

  CREATE UNIQUE INDEX "CATWORK"."SYS_C0011013" ON "CATWORK"."ADMIN_TB" ("ADMIN_IDX") 
  PCTFREE 10 INITRANS 2 MAXTRANS 255 
  STORAGE(INITIAL 65536 NEXT 1048576 MINEXTENTS 1 MAXEXTENTS 2147483645
  PCTINCREASE 0 FREELISTS 1 FREELIST GROUPS 1
  BUFFER_POOL DEFAULT FLASH_CACHE DEFAULT CELL_FLASH_CACHE DEFAULT)
  TABLESPACE "USERS" ;
--------------------------------------------------------
--  DDL for Index SYS_C0011116
--------------------------------------------------------

  CREATE UNIQUE INDEX "CATWORK"."SYS_C0011116" ON "CATWORK"."APPLY_TB" ("APPLY_IDX") 
  PCTFREE 10 INITRANS 2 MAXTRANS 255 
  STORAGE(INITIAL 65536 NEXT 1048576 MINEXTENTS 1 MAXEXTENTS 2147483645
  PCTINCREASE 0 FREELISTS 1 FREELIST GROUPS 1
  BUFFER_POOL DEFAULT FLASH_CACHE DEFAULT CELL_FLASH_CACHE DEFAULT)
  TABLESPACE "USERS" ;
--------------------------------------------------------
--  DDL for Index SYS_C0011053
--------------------------------------------------------

  CREATE UNIQUE INDEX "CATWORK"."SYS_C0011053" ON "CATWORK"."BCOMMENT_TB" ("BCOMMENT_IDX") 
  PCTFREE 10 INITRANS 2 MAXTRANS 255 
  STORAGE(INITIAL 65536 NEXT 1048576 MINEXTENTS 1 MAXEXTENTS 2147483645
  PCTINCREASE 0 FREELISTS 1 FREELIST GROUPS 1
  BUFFER_POOL DEFAULT FLASH_CACHE DEFAULT CELL_FLASH_CACHE DEFAULT)
  TABLESPACE "USERS" ;
--------------------------------------------------------
--  DDL for Index SYS_C0011047
--------------------------------------------------------

  CREATE UNIQUE INDEX "CATWORK"."SYS_C0011047" ON "CATWORK"."BOARD_TB" ("BOARD_IDX") 
  PCTFREE 10 INITRANS 2 MAXTRANS 255 
  STORAGE(INITIAL 65536 NEXT 1048576 MINEXTENTS 1 MAXEXTENTS 2147483645
  PCTINCREASE 0 FREELISTS 1 FREELIST GROUPS 1
  BUFFER_POOL DEFAULT FLASH_CACHE DEFAULT CELL_FLASH_CACHE DEFAULT)
  TABLESPACE "USERS" ;
--------------------------------------------------------
--  DDL for Index SYS_C0011109
--------------------------------------------------------

  CREATE UNIQUE INDEX "CATWORK"."SYS_C0011109" ON "CATWORK"."BOOKMARK_TB" ("BOOK_IDX") 
  PCTFREE 10 INITRANS 2 MAXTRANS 255 
  STORAGE(INITIAL 65536 NEXT 1048576 MINEXTENTS 1 MAXEXTENTS 2147483645
  PCTINCREASE 0 FREELISTS 1 FREELIST GROUPS 1
  BUFFER_POOL DEFAULT FLASH_CACHE DEFAULT CELL_FLASH_CACHE DEFAULT)
  TABLESPACE "USERS" ;
--------------------------------------------------------
--  DDL for Index SYS_C0011060
--------------------------------------------------------

  CREATE UNIQUE INDEX "CATWORK"."SYS_C0011060" ON "CATWORK"."CBOARD_TB" ("CBOARD_IDX") 
  PCTFREE 10 INITRANS 2 MAXTRANS 255 
  STORAGE(INITIAL 65536 NEXT 1048576 MINEXTENTS 1 MAXEXTENTS 2147483645
  PCTINCREASE 0 FREELISTS 1 FREELIST GROUPS 1
  BUFFER_POOL DEFAULT FLASH_CACHE DEFAULT CELL_FLASH_CACHE DEFAULT)
  TABLESPACE "USERS" ;
--------------------------------------------------------
--  DDL for Index SYS_C0011066
--------------------------------------------------------

  CREATE UNIQUE INDEX "CATWORK"."SYS_C0011066" ON "CATWORK"."CCOMMENT_TB" ("CCOMMENT_IDX") 
  PCTFREE 10 INITRANS 2 MAXTRANS 255 
  STORAGE(INITIAL 65536 NEXT 1048576 MINEXTENTS 1 MAXEXTENTS 2147483645
  PCTINCREASE 0 FREELISTS 1 FREELIST GROUPS 1
  BUFFER_POOL DEFAULT FLASH_CACHE DEFAULT CELL_FLASH_CACHE DEFAULT)
  TABLESPACE "USERS" ;
--------------------------------------------------------
--  DDL for Index SYS_C0011026
--------------------------------------------------------

  CREATE UNIQUE INDEX "CATWORK"."SYS_C0011026" ON "CATWORK"."COMPANY_TB" ("COM_IDX") 
  PCTFREE 10 INITRANS 2 MAXTRANS 255 
  STORAGE(INITIAL 65536 NEXT 1048576 MINEXTENTS 1 MAXEXTENTS 2147483645
  PCTINCREASE 0 FREELISTS 1 FREELIST GROUPS 1
  BUFFER_POOL DEFAULT FLASH_CACHE DEFAULT CELL_FLASH_CACHE DEFAULT)
  TABLESPACE "USERS" ;
--------------------------------------------------------
--  DDL for Index SYS_C0011073
--------------------------------------------------------

  CREATE UNIQUE INDEX "CATWORK"."SYS_C0011073" ON "CATWORK"."HBOARD_TB" ("HBOARD_IDX") 
  PCTFREE 10 INITRANS 2 MAXTRANS 255 
  STORAGE(INITIAL 65536 NEXT 1048576 MINEXTENTS 1 MAXEXTENTS 2147483645
  PCTINCREASE 0 FREELISTS 1 FREELIST GROUPS 1
  BUFFER_POOL DEFAULT FLASH_CACHE DEFAULT CELL_FLASH_CACHE DEFAULT)
  TABLESPACE "USERS" ;
--------------------------------------------------------
--  DDL for Index SYS_C0011079
--------------------------------------------------------

  CREATE UNIQUE INDEX "CATWORK"."SYS_C0011079" ON "CATWORK"."HCOMMENT_TB" ("HCOMMENT_IDX") 
  PCTFREE 10 INITRANS 2 MAXTRANS 255 
  STORAGE(INITIAL 65536 NEXT 1048576 MINEXTENTS 1 MAXEXTENTS 2147483645
  PCTINCREASE 0 FREELISTS 1 FREELIST GROUPS 1
  BUFFER_POOL DEFAULT FLASH_CACHE DEFAULT CELL_FLASH_CACHE DEFAULT)
  TABLESPACE "USERS" ;
--------------------------------------------------------
--  DDL for Index SYS_C0011036
--------------------------------------------------------

  CREATE UNIQUE INDEX "CATWORK"."SYS_C0011036" ON "CATWORK"."PERSON_TB" ("PER_IDX") 
  PCTFREE 10 INITRANS 2 MAXTRANS 255 
  STORAGE(INITIAL 65536 NEXT 1048576 MINEXTENTS 1 MAXEXTENTS 2147483645
  PCTINCREASE 0 FREELISTS 1 FREELIST GROUPS 1
  BUFFER_POOL DEFAULT FLASH_CACHE DEFAULT CELL_FLASH_CACHE DEFAULT)
  TABLESPACE "USERS" ;
--------------------------------------------------------
--  DDL for Index SYS_C0011121
--------------------------------------------------------

  CREATE UNIQUE INDEX "CATWORK"."SYS_C0011121" ON "CATWORK"."POST_SKILL_TB" ("POSKILL_IDX") 
  PCTFREE 10 INITRANS 2 MAXTRANS 255 
  STORAGE(INITIAL 65536 NEXT 1048576 MINEXTENTS 1 MAXEXTENTS 2147483645
  PCTINCREASE 0 FREELISTS 1 FREELIST GROUPS 1
  BUFFER_POOL DEFAULT FLASH_CACHE DEFAULT CELL_FLASH_CACHE DEFAULT)
  TABLESPACE "USERS" ;
--------------------------------------------------------
--  DDL for Index SYS_C0011096
--------------------------------------------------------

  CREATE UNIQUE INDEX "CATWORK"."SYS_C0011096" ON "CATWORK"."POST_TB" ("POST_IDX") 
  PCTFREE 10 INITRANS 2 MAXTRANS 255 
  STORAGE(INITIAL 65536 NEXT 1048576 MINEXTENTS 1 MAXEXTENTS 2147483645
  PCTINCREASE 0 FREELISTS 1 FREELIST GROUPS 1
  BUFFER_POOL DEFAULT FLASH_CACHE DEFAULT CELL_FLASH_CACHE DEFAULT)
  TABLESPACE "USERS" ;
--------------------------------------------------------
--  DDL for Index SYS_C0011041
--------------------------------------------------------

  CREATE UNIQUE INDEX "CATWORK"."SYS_C0011041" ON "CATWORK"."RATE_TB" ("RATE_IDX") 
  PCTFREE 10 INITRANS 2 MAXTRANS 255 
  STORAGE(INITIAL 65536 NEXT 1048576 MINEXTENTS 1 MAXEXTENTS 2147483645
  PCTINCREASE 0 FREELISTS 1 FREELIST GROUPS 1
  BUFFER_POOL DEFAULT FLASH_CACHE DEFAULT CELL_FLASH_CACHE DEFAULT)
  TABLESPACE "USERS" ;
--------------------------------------------------------
--  DDL for Index SYS_C0011126
--------------------------------------------------------

  CREATE UNIQUE INDEX "CATWORK"."SYS_C0011126" ON "CATWORK"."RESUME_SKILL_TB" ("RESKILL_IDX") 
  PCTFREE 10 INITRANS 2 MAXTRANS 255 
  STORAGE(INITIAL 65536 NEXT 1048576 MINEXTENTS 1 MAXEXTENTS 2147483645
  PCTINCREASE 0 FREELISTS 1 FREELIST GROUPS 1
  BUFFER_POOL DEFAULT FLASH_CACHE DEFAULT CELL_FLASH_CACHE DEFAULT)
  TABLESPACE "USERS" ;
--------------------------------------------------------
--  DDL for Index SYS_C0011104
--------------------------------------------------------

  CREATE UNIQUE INDEX "CATWORK"."SYS_C0011104" ON "CATWORK"."RESUME_TB" ("RESUME_IDX") 
  PCTFREE 10 INITRANS 2 MAXTRANS 255 
  STORAGE(INITIAL 65536 NEXT 1048576 MINEXTENTS 1 MAXEXTENTS 2147483645
  PCTINCREASE 0 FREELISTS 1 FREELIST GROUPS 1
  BUFFER_POOL DEFAULT FLASH_CACHE DEFAULT CELL_FLASH_CACHE DEFAULT)
  TABLESPACE "USERS" ;
--------------------------------------------------------
--  DDL for Index SYS_C0011083
--------------------------------------------------------

  CREATE UNIQUE INDEX "CATWORK"."SYS_C0011083" ON "CATWORK"."SKILL_TB" ("SKILL_IDX") 
  PCTFREE 10 INITRANS 2 MAXTRANS 255 
  STORAGE(INITIAL 65536 NEXT 1048576 MINEXTENTS 1 MAXEXTENTS 2147483645
  PCTINCREASE 0 FREELISTS 1 FREELIST GROUPS 1
  BUFFER_POOL DEFAULT FLASH_CACHE DEFAULT CELL_FLASH_CACHE DEFAULT)
  TABLESPACE "USERS" ;
--------------------------------------------------------
--  DDL for Index SYS_C0011133
--------------------------------------------------------

  CREATE UNIQUE INDEX "CATWORK"."SYS_C0011133" ON "CATWORK"."STATE_TB" ("STATE_IDX") 
  PCTFREE 10 INITRANS 2 MAXTRANS 255 
  STORAGE(INITIAL 65536 NEXT 1048576 MINEXTENTS 1 MAXEXTENTS 2147483645
  PCTINCREASE 0 FREELISTS 1 FREELIST GROUPS 1
  BUFFER_POOL DEFAULT FLASH_CACHE DEFAULT CELL_FLASH_CACHE DEFAULT)
  TABLESPACE "USERS" ;
--------------------------------------------------------
--  DDL for Index SYS_C0011009
--------------------------------------------------------

  CREATE UNIQUE INDEX "CATWORK"."SYS_C0011009" ON "CATWORK"."USER_TB" ("USER_IDX") 
  PCTFREE 10 INITRANS 2 MAXTRANS 255 
  STORAGE(INITIAL 65536 NEXT 1048576 MINEXTENTS 1 MAXEXTENTS 2147483645
  PCTINCREASE 0 FREELISTS 1 FREELIST GROUPS 1
  BUFFER_POOL DEFAULT FLASH_CACHE DEFAULT CELL_FLASH_CACHE DEFAULT)
  TABLESPACE "USERS" ;
--------------------------------------------------------
--  DDL for Index SYS_C0011010
--------------------------------------------------------

  CREATE UNIQUE INDEX "CATWORK"."SYS_C0011010" ON "CATWORK"."USER_TB" ("ID") 
  PCTFREE 10 INITRANS 2 MAXTRANS 255 
  STORAGE(INITIAL 65536 NEXT 1048576 MINEXTENTS 1 MAXEXTENTS 2147483645
  PCTINCREASE 0 FREELISTS 1 FREELIST GROUPS 1
  BUFFER_POOL DEFAULT FLASH_CACHE DEFAULT CELL_FLASH_CACHE DEFAULT)
  TABLESPACE "USERS" ;
--------------------------------------------------------
--  DDL for Function GET_FILENUM
--------------------------------------------------------

  CREATE OR REPLACE NONEDITIONABLE FUNCTION "CATWORK"."GET_FILENUM" 
RETURN NUMBER
AS
    NUM NUMBER;
BEGIN
    SELECT FILENUM_SEQ.NEXTVAL
    INTO NUM
    FROM DUAL;

    RETURN NUM;
END;

/
--------------------------------------------------------
--  Constraints for Table ADMIN_TB
--------------------------------------------------------

  ALTER TABLE "CATWORK"."ADMIN_TB" MODIFY ("USER_IDX" NOT NULL ENABLE);
  ALTER TABLE "CATWORK"."ADMIN_TB" MODIFY ("NAME" NOT NULL ENABLE);
  ALTER TABLE "CATWORK"."ADMIN_TB" ADD PRIMARY KEY ("ADMIN_IDX")
  USING INDEX PCTFREE 10 INITRANS 2 MAXTRANS 255 
  STORAGE(INITIAL 65536 NEXT 1048576 MINEXTENTS 1 MAXEXTENTS 2147483645
  PCTINCREASE 0 FREELISTS 1 FREELIST GROUPS 1
  BUFFER_POOL DEFAULT FLASH_CACHE DEFAULT CELL_FLASH_CACHE DEFAULT)
  TABLESPACE "USERS"  ENABLE;
--------------------------------------------------------
--  Constraints for Table APPLY_TB
--------------------------------------------------------

  ALTER TABLE "CATWORK"."APPLY_TB" MODIFY ("RESUME_IDX" NOT NULL ENABLE);
  ALTER TABLE "CATWORK"."APPLY_TB" MODIFY ("POST_IDX" NOT NULL ENABLE);
  ALTER TABLE "CATWORK"."APPLY_TB" MODIFY ("STATE" NOT NULL ENABLE);
  ALTER TABLE "CATWORK"."APPLY_TB" MODIFY ("CREATED" NOT NULL ENABLE);
  ALTER TABLE "CATWORK"."APPLY_TB" ADD PRIMARY KEY ("APPLY_IDX")
  USING INDEX PCTFREE 10 INITRANS 2 MAXTRANS 255 
  STORAGE(INITIAL 65536 NEXT 1048576 MINEXTENTS 1 MAXEXTENTS 2147483645
  PCTINCREASE 0 FREELISTS 1 FREELIST GROUPS 1
  BUFFER_POOL DEFAULT FLASH_CACHE DEFAULT CELL_FLASH_CACHE DEFAULT)
  TABLESPACE "USERS"  ENABLE;
--------------------------------------------------------
--  Constraints for Table BCOMMENT_TB
--------------------------------------------------------

  ALTER TABLE "CATWORK"."BCOMMENT_TB" MODIFY ("BOARD_IDX" NOT NULL ENABLE);
  ALTER TABLE "CATWORK"."BCOMMENT_TB" MODIFY ("USER_IDX" NOT NULL ENABLE);
  ALTER TABLE "CATWORK"."BCOMMENT_TB" MODIFY ("CONTENT" NOT NULL ENABLE);
  ALTER TABLE "CATWORK"."BCOMMENT_TB" MODIFY ("CREATED" NOT NULL ENABLE);
  ALTER TABLE "CATWORK"."BCOMMENT_TB" ADD PRIMARY KEY ("BCOMMENT_IDX")
  USING INDEX PCTFREE 10 INITRANS 2 MAXTRANS 255 
  STORAGE(INITIAL 65536 NEXT 1048576 MINEXTENTS 1 MAXEXTENTS 2147483645
  PCTINCREASE 0 FREELISTS 1 FREELIST GROUPS 1
  BUFFER_POOL DEFAULT FLASH_CACHE DEFAULT CELL_FLASH_CACHE DEFAULT)
  TABLESPACE "USERS"  ENABLE;
--------------------------------------------------------
--  Constraints for Table BOARD_TB
--------------------------------------------------------

  ALTER TABLE "CATWORK"."BOARD_TB" MODIFY ("USER_IDX" NOT NULL ENABLE);
  ALTER TABLE "CATWORK"."BOARD_TB" MODIFY ("TITLE" NOT NULL ENABLE);
  ALTER TABLE "CATWORK"."BOARD_TB" MODIFY ("CONTENT" NOT NULL ENABLE);
  ALTER TABLE "CATWORK"."BOARD_TB" MODIFY ("CREATED" NOT NULL ENABLE);
  ALTER TABLE "CATWORK"."BOARD_TB" ADD PRIMARY KEY ("BOARD_IDX")
  USING INDEX PCTFREE 10 INITRANS 2 MAXTRANS 255 
  STORAGE(INITIAL 65536 NEXT 1048576 MINEXTENTS 1 MAXEXTENTS 2147483645
  PCTINCREASE 0 FREELISTS 1 FREELIST GROUPS 1
  BUFFER_POOL DEFAULT FLASH_CACHE DEFAULT CELL_FLASH_CACHE DEFAULT)
  TABLESPACE "USERS"  ENABLE;
--------------------------------------------------------
--  Constraints for Table BOOKMARK_TB
--------------------------------------------------------

  ALTER TABLE "CATWORK"."BOOKMARK_TB" MODIFY ("USER_IDX" NOT NULL ENABLE);
  ALTER TABLE "CATWORK"."BOOKMARK_TB" MODIFY ("POST_IDX" NOT NULL ENABLE);
  ALTER TABLE "CATWORK"."BOOKMARK_TB" MODIFY ("BOOKMARK" NOT NULL ENABLE);
  ALTER TABLE "CATWORK"."BOOKMARK_TB" ADD PRIMARY KEY ("BOOK_IDX")
  USING INDEX PCTFREE 10 INITRANS 2 MAXTRANS 255 
  STORAGE(INITIAL 65536 NEXT 1048576 MINEXTENTS 1 MAXEXTENTS 2147483645
  PCTINCREASE 0 FREELISTS 1 FREELIST GROUPS 1
  BUFFER_POOL DEFAULT FLASH_CACHE DEFAULT CELL_FLASH_CACHE DEFAULT)
  TABLESPACE "USERS"  ENABLE;
--------------------------------------------------------
--  Constraints for Table CBOARD_TB
--------------------------------------------------------

  ALTER TABLE "CATWORK"."CBOARD_TB" MODIFY ("USER_IDX" NOT NULL ENABLE);
  ALTER TABLE "CATWORK"."CBOARD_TB" MODIFY ("TITLE" NOT NULL ENABLE);
  ALTER TABLE "CATWORK"."CBOARD_TB" MODIFY ("CONTENT" NOT NULL ENABLE);
  ALTER TABLE "CATWORK"."CBOARD_TB" MODIFY ("CREATED" NOT NULL ENABLE);
  ALTER TABLE "CATWORK"."CBOARD_TB" ADD PRIMARY KEY ("CBOARD_IDX")
  USING INDEX PCTFREE 10 INITRANS 2 MAXTRANS 255 
  STORAGE(INITIAL 65536 NEXT 1048576 MINEXTENTS 1 MAXEXTENTS 2147483645
  PCTINCREASE 0 FREELISTS 1 FREELIST GROUPS 1
  BUFFER_POOL DEFAULT FLASH_CACHE DEFAULT CELL_FLASH_CACHE DEFAULT)
  TABLESPACE "USERS"  ENABLE;
--------------------------------------------------------
--  Constraints for Table CCOMMENT_TB
--------------------------------------------------------

  ALTER TABLE "CATWORK"."CCOMMENT_TB" MODIFY ("CBOARD_IDX" NOT NULL ENABLE);
  ALTER TABLE "CATWORK"."CCOMMENT_TB" MODIFY ("USER_IDX" NOT NULL ENABLE);
  ALTER TABLE "CATWORK"."CCOMMENT_TB" MODIFY ("CONTENT" NOT NULL ENABLE);
  ALTER TABLE "CATWORK"."CCOMMENT_TB" MODIFY ("CREATED" NOT NULL ENABLE);
  ALTER TABLE "CATWORK"."CCOMMENT_TB" ADD PRIMARY KEY ("CCOMMENT_IDX")
  USING INDEX PCTFREE 10 INITRANS 2 MAXTRANS 255 
  STORAGE(INITIAL 65536 NEXT 1048576 MINEXTENTS 1 MAXEXTENTS 2147483645
  PCTINCREASE 0 FREELISTS 1 FREELIST GROUPS 1
  BUFFER_POOL DEFAULT FLASH_CACHE DEFAULT CELL_FLASH_CACHE DEFAULT)
  TABLESPACE "USERS"  ENABLE;
--------------------------------------------------------
--  Constraints for Table COMPANY_TB
--------------------------------------------------------

  ALTER TABLE "CATWORK"."COMPANY_TB" MODIFY ("USER_IDX" NOT NULL ENABLE);
  ALTER TABLE "CATWORK"."COMPANY_TB" MODIFY ("TYPE" NOT NULL ENABLE);
  ALTER TABLE "CATWORK"."COMPANY_TB" MODIFY ("NAME" NOT NULL ENABLE);
  ALTER TABLE "CATWORK"."COMPANY_TB" MODIFY ("LOGO" NOT NULL ENABLE);
  ALTER TABLE "CATWORK"."COMPANY_TB" MODIFY ("CNUM" NOT NULL ENABLE);
  ALTER TABLE "CATWORK"."COMPANY_TB" MODIFY ("RESIDENT" NOT NULL ENABLE);
  ALTER TABLE "CATWORK"."COMPANY_TB" MODIFY ("ZIP_CODE" NOT NULL ENABLE);
  ALTER TABLE "CATWORK"."COMPANY_TB" MODIFY ("ADDRESS" NOT NULL ENABLE);
  ALTER TABLE "CATWORK"."COMPANY_TB" MODIFY ("CTYPE" NOT NULL ENABLE);
  ALTER TABLE "CATWORK"."COMPANY_TB" MODIFY ("BDATE" NOT NULL ENABLE);
  ALTER TABLE "CATWORK"."COMPANY_TB" MODIFY ("CREATED" NOT NULL ENABLE);
  ALTER TABLE "CATWORK"."COMPANY_TB" ADD PRIMARY KEY ("COM_IDX")
  USING INDEX PCTFREE 10 INITRANS 2 MAXTRANS 255 
  STORAGE(INITIAL 65536 NEXT 1048576 MINEXTENTS 1 MAXEXTENTS 2147483645
  PCTINCREASE 0 FREELISTS 1 FREELIST GROUPS 1
  BUFFER_POOL DEFAULT FLASH_CACHE DEFAULT CELL_FLASH_CACHE DEFAULT)
  TABLESPACE "USERS"  ENABLE;
--------------------------------------------------------
--  Constraints for Table HBOARD_TB
--------------------------------------------------------

  ALTER TABLE "CATWORK"."HBOARD_TB" MODIFY ("USER_IDX" NOT NULL ENABLE);
  ALTER TABLE "CATWORK"."HBOARD_TB" MODIFY ("TITLE" NOT NULL ENABLE);
  ALTER TABLE "CATWORK"."HBOARD_TB" MODIFY ("CONTENT" NOT NULL ENABLE);
  ALTER TABLE "CATWORK"."HBOARD_TB" MODIFY ("CREATED" NOT NULL ENABLE);
  ALTER TABLE "CATWORK"."HBOARD_TB" ADD PRIMARY KEY ("HBOARD_IDX")
  USING INDEX PCTFREE 10 INITRANS 2 MAXTRANS 255 
  STORAGE(INITIAL 65536 NEXT 1048576 MINEXTENTS 1 MAXEXTENTS 2147483645
  PCTINCREASE 0 FREELISTS 1 FREELIST GROUPS 1
  BUFFER_POOL DEFAULT FLASH_CACHE DEFAULT CELL_FLASH_CACHE DEFAULT)
  TABLESPACE "USERS"  ENABLE;
--------------------------------------------------------
--  Constraints for Table HCOMMENT_TB
--------------------------------------------------------

  ALTER TABLE "CATWORK"."HCOMMENT_TB" MODIFY ("HBOARD_IDX" NOT NULL ENABLE);
  ALTER TABLE "CATWORK"."HCOMMENT_TB" MODIFY ("USER_IDX" NOT NULL ENABLE);
  ALTER TABLE "CATWORK"."HCOMMENT_TB" MODIFY ("CONTENT" NOT NULL ENABLE);
  ALTER TABLE "CATWORK"."HCOMMENT_TB" MODIFY ("CREATED" NOT NULL ENABLE);
  ALTER TABLE "CATWORK"."HCOMMENT_TB" ADD PRIMARY KEY ("HCOMMENT_IDX")
  USING INDEX PCTFREE 10 INITRANS 2 MAXTRANS 255 
  STORAGE(INITIAL 65536 NEXT 1048576 MINEXTENTS 1 MAXEXTENTS 2147483645
  PCTINCREASE 0 FREELISTS 1 FREELIST GROUPS 1
  BUFFER_POOL DEFAULT FLASH_CACHE DEFAULT CELL_FLASH_CACHE DEFAULT)
  TABLESPACE "USERS"  ENABLE;
--------------------------------------------------------
--  Constraints for Table PERSON_TB
--------------------------------------------------------

  ALTER TABLE "CATWORK"."PERSON_TB" MODIFY ("USER_IDX" NOT NULL ENABLE);
  ALTER TABLE "CATWORK"."PERSON_TB" MODIFY ("NAME" NOT NULL ENABLE);
  ALTER TABLE "CATWORK"."PERSON_TB" MODIFY ("PHONE" NOT NULL ENABLE);
  ALTER TABLE "CATWORK"."PERSON_TB" MODIFY ("ZIP_CODE" NOT NULL ENABLE);
  ALTER TABLE "CATWORK"."PERSON_TB" MODIFY ("ADDRESS" NOT NULL ENABLE);
  ALTER TABLE "CATWORK"."PERSON_TB" MODIFY ("SOCIAL_NUM" NOT NULL ENABLE);
  ALTER TABLE "CATWORK"."PERSON_TB" MODIFY ("CREATED" NOT NULL ENABLE);
  ALTER TABLE "CATWORK"."PERSON_TB" ADD PRIMARY KEY ("PER_IDX")
  USING INDEX PCTFREE 10 INITRANS 2 MAXTRANS 255 
  STORAGE(INITIAL 65536 NEXT 1048576 MINEXTENTS 1 MAXEXTENTS 2147483645
  PCTINCREASE 0 FREELISTS 1 FREELIST GROUPS 1
  BUFFER_POOL DEFAULT FLASH_CACHE DEFAULT CELL_FLASH_CACHE DEFAULT)
  TABLESPACE "USERS"  ENABLE;
--------------------------------------------------------
--  Constraints for Table POST_SKILL_TB
--------------------------------------------------------

  ALTER TABLE "CATWORK"."POST_SKILL_TB" MODIFY ("POST_IDX" NOT NULL ENABLE);
  ALTER TABLE "CATWORK"."POST_SKILL_TB" MODIFY ("SKILL_IDX" NOT NULL ENABLE);
  ALTER TABLE "CATWORK"."POST_SKILL_TB" ADD PRIMARY KEY ("POSKILL_IDX")
  USING INDEX PCTFREE 10 INITRANS 2 MAXTRANS 255 
  STORAGE(INITIAL 65536 NEXT 1048576 MINEXTENTS 1 MAXEXTENTS 2147483645
  PCTINCREASE 0 FREELISTS 1 FREELIST GROUPS 1
  BUFFER_POOL DEFAULT FLASH_CACHE DEFAULT CELL_FLASH_CACHE DEFAULT)
  TABLESPACE "USERS"  ENABLE;
--------------------------------------------------------
--  Constraints for Table POST_TB
--------------------------------------------------------

  ALTER TABLE "CATWORK"."POST_TB" MODIFY ("USER_IDX" NOT NULL ENABLE);
  ALTER TABLE "CATWORK"."POST_TB" MODIFY ("TITLE" NOT NULL ENABLE);
  ALTER TABLE "CATWORK"."POST_TB" MODIFY ("CAREER" NOT NULL ENABLE);
  ALTER TABLE "CATWORK"."POST_TB" MODIFY ("GOWORK" NOT NULL ENABLE);
  ALTER TABLE "CATWORK"."POST_TB" MODIFY ("GOHOME" NOT NULL ENABLE);
  ALTER TABLE "CATWORK"."POST_TB" MODIFY ("SALARY" NOT NULL ENABLE);
  ALTER TABLE "CATWORK"."POST_TB" MODIFY ("DEADLINE" NOT NULL ENABLE);
  ALTER TABLE "CATWORK"."POST_TB" MODIFY ("INTRO" NOT NULL ENABLE);
  ALTER TABLE "CATWORK"."POST_TB" MODIFY ("EXPLAIN" NOT NULL ENABLE);
  ALTER TABLE "CATWORK"."POST_TB" MODIFY ("MANAGER" NOT NULL ENABLE);
  ALTER TABLE "CATWORK"."POST_TB" MODIFY ("MPHONE" NOT NULL ENABLE);
  ALTER TABLE "CATWORK"."POST_TB" MODIFY ("CREATED" NOT NULL ENABLE);
  ALTER TABLE "CATWORK"."POST_TB" ADD PRIMARY KEY ("POST_IDX")
  USING INDEX PCTFREE 10 INITRANS 2 MAXTRANS 255 
  STORAGE(INITIAL 65536 NEXT 1048576 MINEXTENTS 1 MAXEXTENTS 2147483645
  PCTINCREASE 0 FREELISTS 1 FREELIST GROUPS 1
  BUFFER_POOL DEFAULT FLASH_CACHE DEFAULT CELL_FLASH_CACHE DEFAULT)
  TABLESPACE "USERS"  ENABLE;
--------------------------------------------------------
--  Constraints for Table RATE_TB
--------------------------------------------------------

  ALTER TABLE "CATWORK"."RATE_TB" MODIFY ("USER_IDX" NOT NULL ENABLE);
  ALTER TABLE "CATWORK"."RATE_TB" MODIFY ("RATING" NOT NULL ENABLE);
  ALTER TABLE "CATWORK"."RATE_TB" MODIFY ("CREATED" NOT NULL ENABLE);
  ALTER TABLE "CATWORK"."RATE_TB" ADD PRIMARY KEY ("RATE_IDX")
  USING INDEX PCTFREE 10 INITRANS 2 MAXTRANS 255 
  STORAGE(INITIAL 65536 NEXT 1048576 MINEXTENTS 1 MAXEXTENTS 2147483645
  PCTINCREASE 0 FREELISTS 1 FREELIST GROUPS 1
  BUFFER_POOL DEFAULT FLASH_CACHE DEFAULT CELL_FLASH_CACHE DEFAULT)
  TABLESPACE "USERS"  ENABLE;
--------------------------------------------------------
--  Constraints for Table RESUME_SKILL_TB
--------------------------------------------------------

  ALTER TABLE "CATWORK"."RESUME_SKILL_TB" MODIFY ("RESUME_IDX" NOT NULL ENABLE);
  ALTER TABLE "CATWORK"."RESUME_SKILL_TB" MODIFY ("SKILL_IDX" NOT NULL ENABLE);
  ALTER TABLE "CATWORK"."RESUME_SKILL_TB" ADD PRIMARY KEY ("RESKILL_IDX")
  USING INDEX PCTFREE 10 INITRANS 2 MAXTRANS 255 
  STORAGE(INITIAL 65536 NEXT 1048576 MINEXTENTS 1 MAXEXTENTS 2147483645
  PCTINCREASE 0 FREELISTS 1 FREELIST GROUPS 1
  BUFFER_POOL DEFAULT FLASH_CACHE DEFAULT CELL_FLASH_CACHE DEFAULT)
  TABLESPACE "USERS"  ENABLE;
--------------------------------------------------------
--  Constraints for Table RESUME_TB
--------------------------------------------------------

  ALTER TABLE "CATWORK"."RESUME_TB" MODIFY ("USER_IDX" NOT NULL ENABLE);
  ALTER TABLE "CATWORK"."RESUME_TB" MODIFY ("TITLE" NOT NULL ENABLE);
  ALTER TABLE "CATWORK"."RESUME_TB" MODIFY ("IMAGE" NOT NULL ENABLE);
  ALTER TABLE "CATWORK"."RESUME_TB" MODIFY ("INTRO" NOT NULL ENABLE);
  ALTER TABLE "CATWORK"."RESUME_TB" MODIFY ("CREATED" NOT NULL ENABLE);
  ALTER TABLE "CATWORK"."RESUME_TB" MODIFY ("TYPE" NOT NULL ENABLE);
  ALTER TABLE "CATWORK"."RESUME_TB" ADD PRIMARY KEY ("RESUME_IDX")
  USING INDEX PCTFREE 10 INITRANS 2 MAXTRANS 255 
  STORAGE(INITIAL 65536 NEXT 1048576 MINEXTENTS 1 MAXEXTENTS 2147483645
  PCTINCREASE 0 FREELISTS 1 FREELIST GROUPS 1
  BUFFER_POOL DEFAULT FLASH_CACHE DEFAULT CELL_FLASH_CACHE DEFAULT)
  TABLESPACE "USERS"  ENABLE;
--------------------------------------------------------
--  Constraints for Table SKILL_TB
--------------------------------------------------------

  ALTER TABLE "CATWORK"."SKILL_TB" MODIFY ("NAME" NOT NULL ENABLE);
  ALTER TABLE "CATWORK"."SKILL_TB" ADD PRIMARY KEY ("SKILL_IDX")
  USING INDEX PCTFREE 10 INITRANS 2 MAXTRANS 255 
  STORAGE(INITIAL 65536 NEXT 1048576 MINEXTENTS 1 MAXEXTENTS 2147483645
  PCTINCREASE 0 FREELISTS 1 FREELIST GROUPS 1
  BUFFER_POOL DEFAULT FLASH_CACHE DEFAULT CELL_FLASH_CACHE DEFAULT)
  TABLESPACE "USERS"  ENABLE;
--------------------------------------------------------
--  Constraints for Table STATE_TB
--------------------------------------------------------

  ALTER TABLE "CATWORK"."STATE_TB" MODIFY ("RESUME_IDX" NOT NULL ENABLE);
  ALTER TABLE "CATWORK"."STATE_TB" MODIFY ("APPLY_IDX" NOT NULL ENABLE);
  ALTER TABLE "CATWORK"."STATE_TB" MODIFY ("SCORE" NOT NULL ENABLE);
  ALTER TABLE "CATWORK"."STATE_TB" MODIFY ("COMMENTS" NOT NULL ENABLE);
  ALTER TABLE "CATWORK"."STATE_TB" ADD PRIMARY KEY ("STATE_IDX")
  USING INDEX PCTFREE 10 INITRANS 2 MAXTRANS 255 
  STORAGE(INITIAL 65536 NEXT 1048576 MINEXTENTS 1 MAXEXTENTS 2147483645
  PCTINCREASE 0 FREELISTS 1 FREELIST GROUPS 1
  BUFFER_POOL DEFAULT FLASH_CACHE DEFAULT CELL_FLASH_CACHE DEFAULT)
  TABLESPACE "USERS"  ENABLE;
--------------------------------------------------------
--  Constraints for Table USER_TB
--------------------------------------------------------

  ALTER TABLE "CATWORK"."USER_TB" MODIFY ("ID" NOT NULL ENABLE);
  ALTER TABLE "CATWORK"."USER_TB" MODIFY ("PWD" NOT NULL ENABLE);
  ALTER TABLE "CATWORK"."USER_TB" MODIFY ("TYPE" NOT NULL ENABLE);
  ALTER TABLE "CATWORK"."USER_TB" ADD PRIMARY KEY ("USER_IDX")
  USING INDEX PCTFREE 10 INITRANS 2 MAXTRANS 255 
  STORAGE(INITIAL 65536 NEXT 1048576 MINEXTENTS 1 MAXEXTENTS 2147483645
  PCTINCREASE 0 FREELISTS 1 FREELIST GROUPS 1
  BUFFER_POOL DEFAULT FLASH_CACHE DEFAULT CELL_FLASH_CACHE DEFAULT)
  TABLESPACE "USERS"  ENABLE;
  ALTER TABLE "CATWORK"."USER_TB" ADD UNIQUE ("ID")
  USING INDEX PCTFREE 10 INITRANS 2 MAXTRANS 255 
  STORAGE(INITIAL 65536 NEXT 1048576 MINEXTENTS 1 MAXEXTENTS 2147483645
  PCTINCREASE 0 FREELISTS 1 FREELIST GROUPS 1
  BUFFER_POOL DEFAULT FLASH_CACHE DEFAULT CELL_FLASH_CACHE DEFAULT)
  TABLESPACE "USERS"  ENABLE;
--------------------------------------------------------
--  Ref Constraints for Table ADMIN_TB
--------------------------------------------------------

  ALTER TABLE "CATWORK"."ADMIN_TB" ADD CONSTRAINT "FK_ADMIN_USER" FOREIGN KEY ("USER_IDX")
	  REFERENCES "CATWORK"."USER_TB" ("USER_IDX") ON DELETE CASCADE ENABLE;
--------------------------------------------------------
--  Ref Constraints for Table APPLY_TB
--------------------------------------------------------

  ALTER TABLE "CATWORK"."APPLY_TB" ADD CONSTRAINT "FK_APPLY_RESUME" FOREIGN KEY ("RESUME_IDX")
	  REFERENCES "CATWORK"."RESUME_TB" ("RESUME_IDX") ON DELETE CASCADE ENABLE;
  ALTER TABLE "CATWORK"."APPLY_TB" ADD CONSTRAINT "FK_APPLY_POST" FOREIGN KEY ("POST_IDX")
	  REFERENCES "CATWORK"."POST_TB" ("POST_IDX") ON DELETE CASCADE ENABLE;
--------------------------------------------------------
--  Ref Constraints for Table BCOMMENT_TB
--------------------------------------------------------

  ALTER TABLE "CATWORK"."BCOMMENT_TB" ADD CONSTRAINT "FK_BCOMMENT_BOARD" FOREIGN KEY ("BOARD_IDX")
	  REFERENCES "CATWORK"."BOARD_TB" ("BOARD_IDX") ON DELETE CASCADE ENABLE;
  ALTER TABLE "CATWORK"."BCOMMENT_TB" ADD CONSTRAINT "FK_BCOMMENT_USER" FOREIGN KEY ("USER_IDX")
	  REFERENCES "CATWORK"."USER_TB" ("USER_IDX") ON DELETE CASCADE ENABLE;
--------------------------------------------------------
--  Ref Constraints for Table BOARD_TB
--------------------------------------------------------

  ALTER TABLE "CATWORK"."BOARD_TB" ADD CONSTRAINT "FK_BOARD_USER" FOREIGN KEY ("USER_IDX")
	  REFERENCES "CATWORK"."USER_TB" ("USER_IDX") ON DELETE CASCADE ENABLE;
--------------------------------------------------------
--  Ref Constraints for Table BOOKMARK_TB
--------------------------------------------------------

  ALTER TABLE "CATWORK"."BOOKMARK_TB" ADD CONSTRAINT "FK_BOOKMARK_USER" FOREIGN KEY ("USER_IDX")
	  REFERENCES "CATWORK"."USER_TB" ("USER_IDX") ON DELETE CASCADE ENABLE;
  ALTER TABLE "CATWORK"."BOOKMARK_TB" ADD CONSTRAINT "FK_BOOKMARK_POST" FOREIGN KEY ("POST_IDX")
	  REFERENCES "CATWORK"."POST_TB" ("POST_IDX") ON DELETE CASCADE ENABLE;
--------------------------------------------------------
--  Ref Constraints for Table CBOARD_TB
--------------------------------------------------------

  ALTER TABLE "CATWORK"."CBOARD_TB" ADD CONSTRAINT "FK_CBOARD_USER" FOREIGN KEY ("USER_IDX")
	  REFERENCES "CATWORK"."USER_TB" ("USER_IDX") ON DELETE CASCADE ENABLE;
--------------------------------------------------------
--  Ref Constraints for Table CCOMMENT_TB
--------------------------------------------------------

  ALTER TABLE "CATWORK"."CCOMMENT_TB" ADD CONSTRAINT "FK_CCOMMENT_CBOARD" FOREIGN KEY ("CBOARD_IDX")
	  REFERENCES "CATWORK"."CBOARD_TB" ("CBOARD_IDX") ON DELETE CASCADE ENABLE;
  ALTER TABLE "CATWORK"."CCOMMENT_TB" ADD CONSTRAINT "FK_CCOMMENT_USER" FOREIGN KEY ("USER_IDX")
	  REFERENCES "CATWORK"."USER_TB" ("USER_IDX") ON DELETE CASCADE ENABLE;
--------------------------------------------------------
--  Ref Constraints for Table COMPANY_TB
--------------------------------------------------------

  ALTER TABLE "CATWORK"."COMPANY_TB" ADD CONSTRAINT "FK_COMPANY_USER" FOREIGN KEY ("USER_IDX")
	  REFERENCES "CATWORK"."USER_TB" ("USER_IDX") ON DELETE CASCADE ENABLE;
--------------------------------------------------------
--  Ref Constraints for Table HBOARD_TB
--------------------------------------------------------

  ALTER TABLE "CATWORK"."HBOARD_TB" ADD CONSTRAINT "FK_HBOARD_USER" FOREIGN KEY ("USER_IDX")
	  REFERENCES "CATWORK"."USER_TB" ("USER_IDX") ON DELETE CASCADE ENABLE;
--------------------------------------------------------
--  Ref Constraints for Table HCOMMENT_TB
--------------------------------------------------------

  ALTER TABLE "CATWORK"."HCOMMENT_TB" ADD CONSTRAINT "FK_HCOMMENT_HBOARD" FOREIGN KEY ("HBOARD_IDX")
	  REFERENCES "CATWORK"."HBOARD_TB" ("HBOARD_IDX") ON DELETE CASCADE ENABLE;
  ALTER TABLE "CATWORK"."HCOMMENT_TB" ADD CONSTRAINT "FK_HCOMMENT_USER" FOREIGN KEY ("USER_IDX")
	  REFERENCES "CATWORK"."USER_TB" ("USER_IDX") ON DELETE CASCADE ENABLE;
--------------------------------------------------------
--  Ref Constraints for Table PERSON_TB
--------------------------------------------------------

  ALTER TABLE "CATWORK"."PERSON_TB" ADD CONSTRAINT "FK_PERSON_USER" FOREIGN KEY ("USER_IDX")
	  REFERENCES "CATWORK"."USER_TB" ("USER_IDX") ON DELETE CASCADE ENABLE;
--------------------------------------------------------
--  Ref Constraints for Table POST_SKILL_TB
--------------------------------------------------------

  ALTER TABLE "CATWORK"."POST_SKILL_TB" ADD CONSTRAINT "FK_POST_SKILL_POST" FOREIGN KEY ("POST_IDX")
	  REFERENCES "CATWORK"."POST_TB" ("POST_IDX") ON DELETE CASCADE ENABLE;
  ALTER TABLE "CATWORK"."POST_SKILL_TB" ADD CONSTRAINT "FK_POST_SKILL_SKILL" FOREIGN KEY ("SKILL_IDX")
	  REFERENCES "CATWORK"."SKILL_TB" ("SKILL_IDX") ON DELETE CASCADE ENABLE;
--------------------------------------------------------
--  Ref Constraints for Table POST_TB
--------------------------------------------------------

  ALTER TABLE "CATWORK"."POST_TB" ADD CONSTRAINT "FK_POST_USER" FOREIGN KEY ("USER_IDX")
	  REFERENCES "CATWORK"."USER_TB" ("USER_IDX") ON DELETE CASCADE ENABLE;
--------------------------------------------------------
--  Ref Constraints for Table RATE_TB
--------------------------------------------------------

  ALTER TABLE "CATWORK"."RATE_TB" ADD CONSTRAINT "FK_RATE_USER" FOREIGN KEY ("USER_IDX")
	  REFERENCES "CATWORK"."USER_TB" ("USER_IDX") ON DELETE CASCADE ENABLE;
--------------------------------------------------------
--  Ref Constraints for Table RESUME_SKILL_TB
--------------------------------------------------------

  ALTER TABLE "CATWORK"."RESUME_SKILL_TB" ADD CONSTRAINT "FK_RESUME_SKILL_RESUME" FOREIGN KEY ("RESUME_IDX")
	  REFERENCES "CATWORK"."RESUME_TB" ("RESUME_IDX") ON DELETE CASCADE ENABLE;
  ALTER TABLE "CATWORK"."RESUME_SKILL_TB" ADD CONSTRAINT "FK_RESUME_SKILL_SKILL" FOREIGN KEY ("SKILL_IDX")
	  REFERENCES "CATWORK"."SKILL_TB" ("SKILL_IDX") ON DELETE CASCADE ENABLE;
--------------------------------------------------------
--  Ref Constraints for Table RESUME_TB
--------------------------------------------------------

  ALTER TABLE "CATWORK"."RESUME_TB" ADD CONSTRAINT "FK_RESUME_USER" FOREIGN KEY ("USER_IDX")
	  REFERENCES "CATWORK"."USER_TB" ("USER_IDX") ON DELETE CASCADE ENABLE;
--------------------------------------------------------
--  Ref Constraints for Table STATE_TB
--------------------------------------------------------

  ALTER TABLE "CATWORK"."STATE_TB" ADD CONSTRAINT "FK_STATE_RESUME" FOREIGN KEY ("RESUME_IDX")
	  REFERENCES "CATWORK"."RESUME_TB" ("RESUME_IDX") ON DELETE CASCADE ENABLE;
  ALTER TABLE "CATWORK"."STATE_TB" ADD CONSTRAINT "FK_STATE_APPLY" FOREIGN KEY ("APPLY_IDX")
	  REFERENCES "CATWORK"."APPLY_TB" ("APPLY_IDX") ON DELETE CASCADE ENABLE;
